날짜,시간,시가,고가,저가,종가,종가 단순 5,10.0,20.0,60.0,120.0,거래량,단순 5,20.0,60.0,120.0
2022-05-04,15:35:00,1715.0,1715.0,1715.0,1715.0,1711.0,1709.0,1713.5,1717.6666666666667,1734.0416666666667,34476.0,92124.8,46435.45,33339.23333333333,25855.8
2022-05-04,15:30:00,1715.0,1715.0,1715.0,1715.0,1709.0,1708.5,1713.0,1718.0,1734.4166666666667,227817.0,90779.0,45508.25,33664.7,25708.475
2022-05-04,15:19:00,1710.0,1710.0,1700.0,1710.0,1707.0,1708.5,1712.5,1718.3333333333333,1734.8333333333333,86284.0,58638.8,34607.45,32142.383333333335,23998.45
2022-05-04,15:18:00,1705.0,1710.0,1700.0,1710.0,1707.0,1709.0,1712.25,1718.75,1735.3333333333333,80025.0,43229.0,30965.3,31024.116666666665,23325.733333333334
2022-05-04,15:17:00,1705.0,1705.0,1700.0,1705.0,1707.0,1709.0,1712.0,1719.25,1735.8333333333333,32022.0,31853.2,30952.0,31284.883333333335,22755.291666666668
2022-05-04,15:16:00,1710.0,1710.0,1700.0,1705.0,1707.0,1710.5,1712.0,1719.8333333333333,1736.3333333333333,27747.0,36181.2,30816.1,31060.316666666666,22694.125
2022-05-04,15:15:00,1705.0,1710.0,1700.0,1705.0,1708.0,1712.0,1712.0,1720.5,1736.875,67116.0,35202.6,31054.6,30994.516666666666,22511.475
2022-05-04,15:14:00,1705.0,1710.0,1705.0,1710.0,1710.0,1714.0,1712.25,1721.1666666666667,1737.4166666666667,9235.0,24959.6,29089.9,30018.65,22020.833333333332
2022-05-04,15:13:00,1700.0,1710.0,1700.0,1710.0,1711.0,1715.5,1712.25,1721.75,1737.9166666666667,23146.0,24264.6,30288.75,30142.266666666666,21989.191666666666
2022-05-04,15:12:00,1705.0,1710.0,1700.0,1705.0,1711.0,1717.0,1712.5,1722.4166666666667,1738.4166666666667,53662.0,28677.4,30207.55,29869.033333333333,21854.066666666666
2022-05-04,15:11:00,1715.0,1715.0,1705.0,1710.0,1714.0,1718.0,1713.0,1723.1666666666667,1738.9583333333333,22854.0,22105.0,28702.85,29390.1,21488.191666666666
2022-05-04,15:10:00,1710.0,1715.0,1710.0,1715.0,1716.0,1717.5,1713.5,1723.9166666666667,1739.4166666666667,15901.0,18244.6,28052.25,29090.15,21358.275
2022-05-04,15:09:00,1715.0,1715.0,1710.0,1715.0,1718.0,1716.5,1713.75,1724.5,1739.875,5760.0,15784.8,28643.85,28964.7,21314.391666666666
2022-05-04,15:08:00,1720.0,1720.0,1710.0,1710.0,1720.0,1715.5,1714.0,1725.0833333333333,1740.375,45210.0,15749.6,28567.75,29005.7,21564.991666666665
2022-05-04,15:07:00,1725.0,1725.0,1715.0,1720.0,1723.0,1715.0,1714.75,1725.5833333333333,1740.875,20800.0,21302.6,26693.65,28699.966666666667,21326.441666666666
2022-05-04,15:06:00,1720.0,1725.0,1720.0,1720.0,1722.0,1713.5,1715.0,1726.0,1741.2916666666667,3552.0,35330.8,26457.05,28476.616666666665,21440.225
2022-05-04,15:05:00,1725.0,1725.0,1720.0,1725.0,1719.0,1712.0,1715.0,1726.4166666666667,1741.6666666666667,3602.0,37806.8,27127.9,28695.216666666667,21521.433333333334
2022-05-04,15:04:00,1720.0,1725.0,1720.0,1725.0,1715.0,1710.5,1715.25,1726.75,1741.9583333333333,5584.0,39046.6,27622.0,28893.233333333334,21587.575
2022-05-04,15:03:00,1720.0,1725.0,1715.0,1725.0,1711.0,1709.0,1715.5,1727.1666666666667,1742.2083333333333,72975.0,40618.0,27541.75,28845.3,21687.216666666667
2022-05-04,15:02:00,1705.0,1720.0,1705.0,1715.0,1707.0,1708.0,1715.75,1727.6666666666667,1742.4583333333333,90941.0,41974.8,24787.15,27913.616666666665,21198.333333333332
2022-05-04,15:01:00,1710.0,1710.0,1705.0,1705.0,1705.0,1708.0,1716.5,1728.25,1742.8333333333333,15932.0,29647.4,21612.55,26653.366666666665,20632.058333333334
2022-05-04,15:00:00,1705.0,1710.0,1705.0,1705.0,1705.0,1709.5,1718.0,1728.9166666666667,1743.2916666666667,9801.0,32964.4,22214.35,26635.516666666666,21404.791666666668
2022-05-04,14:59:00,1700.0,1710.0,1700.0,1705.0,1706.0,1711.0,1719.25,1729.5833333333333,1743.7916666666667,13441.0,36568.6,22461.0,26700.25,21520.95
2022-05-04,14:58:00,1710.0,1710.0,1700.0,1705.0,1707.0,1712.5,1720.5,1730.25,1744.3333333333333,79759.0,40522.8,22781.6,26488.0,21675.933333333334
2022-05-04,14:57:00,1705.0,1710.0,1705.0,1705.0,1709.0,1714.5,1721.5,1730.9166666666667,1744.875,29304.0,28875.4,19273.15,25493.716666666667,21221.908333333333
2022-05-04,14:56:00,1710.0,1710.0,1705.0,1705.0,1711.0,1716.5,1722.25,1731.6666666666667,1745.4583333333333,32517.0,27728.2,18570.25,25116.066666666666,21252.316666666666
2022-05-04,14:55:00,1710.0,1715.0,1705.0,1710.0,1714.0,1718.0,1722.75,1732.5,1746.0833333333333,27822.0,23193.2,20833.0,24724.3,21376.725
2022-05-04,14:54:00,1715.0,1715.0,1710.0,1710.0,1716.0,1720.0,1722.75,1733.25,1746.6666666666667,33212.0,23175.4,21502.75,24328.016666666666,21562.958333333332
2022-05-04,14:53:00,1715.0,1720.0,1715.0,1715.0,1718.0,1722.0,1723.0,1733.9166666666667,1747.1666666666667,21522.0,17380.6,21224.05,23830.133333333335,21453.458333333332
2022-05-04,14:52:00,1720.0,1720.0,1715.0,1715.0,1720.0,1723.5,1723.25,1734.5833333333333,1747.625,23568.0,14621.8,20414.75,23542.066666666666,21456.058333333334
2022-05-04,14:51:00,1720.0,1725.0,1720.0,1720.0,1722.0,1725.0,1723.75,1735.3333333333333,1748.0,9842.0,13121.8,19540.45,23374.75,21508.375
2022-05-04,14:50:00,1720.0,1725.0,1720.0,1720.0,1722.0,1726.5,1723.75,1735.8333333333333,1748.375,27733.0,14547.2,20223.2,23330.233333333334,21650.683333333334
2022-05-04,14:49:00,1720.0,1725.0,1720.0,1720.0,1724.0,1727.5,1724.0,1736.3333333333333,1748.8333333333333,4238.0,11697.4,19474.85,22945.233333333334,21803.458333333332
2022-05-04,14:48:00,1725.0,1725.0,1720.0,1725.0,1726.0,1728.5,1724.0,1736.9166666666667,1749.25,7728.0,11645.6,22191.55,23017.15,21836.783333333333
2022-05-04,14:47:00,1720.0,1725.0,1720.0,1725.0,1727.0,1728.5,1723.75,1737.4166666666667,1749.5833333333333,16068.0,13676.6,22728.5,23063.4,21849.841666666667
2022-05-04,14:46:00,1725.0,1730.0,1720.0,1720.0,1728.0,1728.0,1724.0,1738.0,1749.9166666666667,16969.0,15952.8,22930.2,22980.266666666666,21794.508333333335
2022-05-04,14:45:00,1730.0,1730.0,1725.0,1730.0,1731.0,1727.5,1724.25,1738.6666666666667,1750.2916666666667,13484.0,18152.6,22982.4,23138.75,21769.6
2022-05-04,14:44:00,1725.0,1730.0,1725.0,1730.0,1731.0,1725.5,1724.0,1739.0833333333333,1750.5416666666667,3979.0,18402.6,23259.9,22942.766666666666,21692.608333333334
2022-05-04,14:43:00,1730.0,1735.0,1725.0,1730.0,1731.0,1724.0,1723.75,1739.5,1750.8333333333333,17883.0,21577.4,24230.85,23072.833333333332,21792.4
2022-05-04,14:42:00,1735.0,1735.0,1725.0,1730.0,1730.0,1723.0,1723.5,1740.0,1751.125,27449.0,19918.8,26491.8,22825.633333333335,21738.408333333333
2022-05-04,14:41:00,1725.0,1735.0,1725.0,1735.0,1728.0,1722.5,1723.0,1740.5,1751.375,27968.0,17478.2,31969.7,22709.4,21590.05
2022-05-04,14:40:00,1725.0,1730.0,1725.0,1730.0,1724.0,1721.0,1723.0,1740.8333333333333,1751.5833333333333,14734.0,27439.0,33271.5,22763.483333333334,21415.65
2022-05-04,14:39:00,1725.0,1730.0,1725.0,1730.0,1720.0,1720.5,1723.25,1741.1666666666667,1751.8333333333333,19853.0,32735.6,39358.7,22941.35,21452.3
2022-05-04,14:38:00,1720.0,1725.0,1720.0,1725.0,1717.0,1719.5,1723.5,1741.5,1752.0833333333333,9590.0,34292.6,39325.45,22800.883333333335,21384.758333333335
2022-05-04,14:37:00,1715.0,1720.0,1715.0,1720.0,1716.0,1719.0,1724.25,1741.9166666666667,1752.3333333333333,15246.0,33441.8,43629.5,23165.2,21406.358333333334
2022-05-04,14:36:00,1710.0,1720.0,1710.0,1715.0,1717.0,1720.0,1725.25,1742.5,1752.5833333333333,77772.0,31609.0,43794.6,23439.466666666667,21307.516666666666
2022-05-04,14:35:00,1720.0,1720.0,1710.0,1710.0,1718.0,1721.0,1726.75,1743.1666666666667,1752.875,41217.0,20754.0,41095.95,22268.6,20768.75
2022-05-04,14:34:00,1725.0,1725.0,1715.0,1715.0,1721.0,1722.5,1728.5,1743.9166666666667,1753.2083333333333,27638.0,15063.8,39463.3,21609.283333333333,20441.475
2022-05-04,14:33:00,1725.0,1725.0,1720.0,1720.0,1722.0,1723.5,1730.0,1744.5833333333333,1753.5,5336.0,21250.6,38914.0,21442.133333333335,20342.483333333334
2022-05-04,14:32:00,1720.0,1730.0,1720.0,1725.0,1722.0,1724.0,1731.5,1745.1666666666667,1753.7916666666667,6082.0,23876.8,38984.8,21371.283333333333,20375.75
2022-05-04,14:31:00,1730.0,1735.0,1720.0,1720.0,1723.0,1723.5,1732.75,1745.75,1754.0,23497.0,26680.8,39927.0,21296.0,20392.266666666666
2022-05-04,14:30:00,1720.0,1730.0,1720.0,1725.0,1724.0,1725.0,1734.5,1746.4166666666667,1754.25,12766.0,25584.0,38995.0,20952.3,20280.458333333332
2022-05-04,14:29:00,1720.0,1725.0,1715.0,1720.0,1724.0,1726.0,1735.75,1746.8333333333333,1754.4166666666667,58572.0,26837.6,38775.4,20814.55,20333.266666666666
2022-05-04,14:28:00,1730.0,1730.0,1720.0,1720.0,1725.0,1727.5,1737.25,1747.3333333333333,1754.7083333333333,18467.0,19802.8,36257.8,20246.333333333332,19972.466666666667
2022-05-04,14:27:00,1725.0,1730.0,1720.0,1730.0,1726.0,1729.5,1738.25,1747.75,1755.0416666666667,20102.0,28729.8,36677.75,20339.233333333334,19896.141666666666
2022-05-04,14:26:00,1730.0,1730.0,1725.0,1725.0,1724.0,1730.5,1739.0,1748.0,1755.2916666666667,18013.0,52110.8,36042.6,20248.633333333335,19842.25
2022-05-04,14:25:00,1725.0,1730.0,1725.0,1725.0,1726.0,1732.5,1740.0,1748.3333333333333,1755.6666666666667,19034.0,59309.0,35975.35,20610.7,20373.875
2022-05-04,14:24:00,1725.0,1730.0,1720.0,1725.0,1728.0,1734.5,1741.0,1748.75,1756.0,23398.0,82797.8,35797.8,20886.05,20429.466666666667
2022-05-04,14:23:00,1725.0,1735.0,1715.0,1725.0,1730.0,1736.5,1742.25,1749.25,1756.25,63102.0,81955.8,34763.3,21012.0,20419.033333333333
2022-05-04,14:22:00,1730.0,1735.0,1720.0,1720.0,1733.0,1739.0,1743.75,1749.75,1756.5,137007.0,88469.6,32461.9,20457.216666666667,19914.258333333335
2022-05-04,14:21:00,1735.0,1740.0,1730.0,1735.0,1737.0,1742.0,1745.25,1750.4166666666667,1756.7916666666667,54004.0,64777.8,26377.85,18372.366666666665,18839.8
2022-05-04,14:20:00,1735.0,1735.0,1730.0,1735.0,1739.0,1744.0,1745.75,1750.8333333333333,1756.9166666666667,136478.0,58736.8,24420.7,17752.25,18410.041666666668
2022-05-04,14:19:00,1740.0,1740.0,1735.0,1735.0,1741.0,1745.5,1746.25,1751.3333333333333,1757.0416666666667,19188.0,33154.0,18281.05,15854.516666666666,17322.408333333333
2022-05-04,14:18:00,1745.0,1745.0,1740.0,1740.0,1743.0,1747.0,1746.75,1751.9166666666667,1757.1666666666667,95671.0,32646.8,17356.95,15627.35,17286.383333333335
2022-05-04,14:17:00,1745.0,1745.0,1740.0,1740.0,1745.0,1747.0,1747.0,1752.4166666666667,1757.2916666666667,18548.0,14863.0,13578.5,14225.7,16886.683333333334
2022-05-04,14:16:00,1745.0,1745.0,1740.0,1745.0,1747.0,1747.5,1747.5,1752.8333333333333,1757.4166666666667,23799.0,16138.6,12983.35,14327.933333333332,16793.291666666668
2022-05-04,14:15:00,1745.0,1750.0,1745.0,1745.0,1749.0,1747.5,1748.0,1753.25,1757.5,8564.0,12350.2,12243.95,14028.433333333332,16762.108333333334
2022-05-04,14:14:00,1745.0,1750.0,1745.0,1745.0,1750.0,1747.5,1748.5,1753.6666666666667,1757.625,16652.0,12312.2,12018.0,14023.016666666666,16796.6
2022-05-04,14:13:00,1745.0,1750.0,1745.0,1750.0,1751.0,1748.0,1748.75,1754.0833333333333,1757.7083333333333,6752.0,10625.8,11352.35,13836.116666666667,16914.483333333334
2022-05-04,14:12:00,1755.0,1755.0,1750.0,1750.0,1749.0,1748.5,1749.0,1754.4166666666667,1757.7916666666667,24926.0,14648.6,11226.65,13839.1,17035.208333333332
2022-05-04,14:11:00,1755.0,1755.0,1750.0,1755.0,1748.0,1748.5,1749.5,1754.75,1757.875,4857.0,11143.2,10656.8,13586.283333333333,17109.216666666667
2022-05-04,14:10:00,1755.0,1755.0,1750.0,1750.0,1746.0,1747.5,1749.25,1754.9166666666667,1757.875,8374.0,13505.4,10772.5,13626.4,17691.283333333333
2022-05-04,14:09:00,1745.0,1755.0,1740.0,1750.0,1745.0,1747.0,1749.25,1755.25,1757.9583333333333,8220.0,14927.2,10585.45,13664.083333333334,17947.9
2022-05-04,14:08:00,1745.0,1745.0,1740.0,1740.0,1745.0,1746.5,1749.5,1755.6666666666667,1757.875,26866.0,13824.8,10602.1,14124.283333333333,17969.525
2022-05-04,14:07:00,1745.0,1750.0,1745.0,1745.0,1748.0,1747.0,1750.25,1756.1666666666667,1757.9583333333333,7399.0,11866.4,9783.95,13952.916666666666,17848.375
2022-05-04,14:06:00,1745.0,1750.0,1740.0,1745.0,1749.0,1747.5,1751.0,1756.5833333333333,1757.9166666666667,16668.0,13451.8,9968.0,14403.833333333334,17881.4
2022-05-04,14:05:00,1750.0,1750.0,1745.0,1745.0,1749.0,1748.5,1751.75,1756.9166666666667,1757.9166666666667,15483.0,13090.4,10458.5,14347.65,17825.233333333334
2022-05-04,14:04:00,1755.0,1755.0,1750.0,1750.0,1749.0,1749.5,1752.25,1757.1666666666667,1757.875,2708.0,12730.8,9770.6,14281.916666666666,17738.966666666667
2022-05-04,14:03:00,1750.0,1755.0,1750.0,1755.0,1748.0,1749.5,1752.5,1757.25,1757.75,17074.0,12330.4,10224.35,14529.133333333333,17908.191666666666
2022-05-04,14:02:00,1750.0,1750.0,1745.0,1750.0,1746.0,1749.5,1752.75,1757.25,1757.625,15326.0,12936.0,9523.2,14483.05,17991.541666666668
2022-05-04,14:01:00,1745.0,1750.0,1745.0,1745.0,1746.0,1750.5,1753.25,1757.4166666666667,1757.5833333333333,14861.0,11199.8,9780.65,14610.75,17950.958333333332
2022-05-04,14:00:00,1750.0,1750.0,1745.0,1745.0,1748.0,1751.0,1753.75,1757.6666666666667,1757.625,13685.0,10029.8,10598.25,16174.066666666668,17852.833333333332
2022-05-04,13:59:00,1745.0,1750.0,1745.0,1745.0,1750.0,1751.5,1754.0,1758.0,1757.6666666666667,706.0,8101.8,11184.3,16341.65,17867.658333333333
2022-05-04,13:58:00,1750.0,1755.0,1745.0,1745.0,1751.0,1752.5,1754.25,1758.4166666666667,1757.6666666666667,20102.0,8628.4,11720.25,16863.866666666665,17868.808333333334
2022-05-04,13:57:00,1755.0,1755.0,1750.0,1750.0,1753.0,1753.5,1754.5,1758.8333333333333,1757.625,6645.0,5455.6,12287.6,16950.1,17853.991666666665
2022-05-04,13:56:00,1755.0,1755.0,1750.0,1755.0,1755.0,1754.5,1754.75,1759.25,1757.5833333333333,9011.0,6832.4,13540.45,17388.566666666666,17863.3
2022-05-04,13:55:00,1750.0,1755.0,1750.0,1755.0,1754.0,1755.0,1754.75,1759.6666666666667,1757.4583333333333,4045.0,6464.4,13465.9,18029.15,17868.433333333334
2022-05-04,13:54:00,1755.0,1755.0,1750.0,1750.0,1753.0,1755.0,1754.75,1760.0833333333333,1757.3333333333333,3339.0,6582.0,13346.55,18797.9,18319.633333333335
2022-05-04,13:53:00,1755.0,1760.0,1755.0,1755.0,1754.0,1755.5,1755.0,1760.4166666666667,1757.2916666666667,4238.0,7624.8,14060.05,19076.783333333333,18478.633333333335
2022-05-04,13:52:00,1755.0,1760.0,1750.0,1760.0,1754.0,1756.0,1755.0,1760.6666666666667,1757.25,13529.0,8877.8,13902.4,19370.05,18502.583333333332
2022-05-04,13:51:00,1750.0,1755.0,1750.0,1750.0,1754.0,1756.0,1755.0,1760.6666666666667,1757.2083333333333,7171.0,8388.0,13304.2,19642.0,18501.516666666666
2022-05-04,13:50:00,1755.0,1755.0,1750.0,1750.0,1756.0,1756.5,1755.5,1760.9166666666667,1757.1666666666667,4633.0,12249.4,13089.4,19971.133333333335,18546.775
2022-05-04,13:49:00,1755.0,1760.0,1750.0,1755.0,1757.0,1756.5,1755.5,1761.3333333333333,1757.125,8553.0,11667.8,13082.8,20661.683333333334,18614.625
2022-05-04,13:48:00,1755.0,1760.0,1755.0,1755.0,1757.0,1756.0,1755.25,1761.5833333333333,1757.0833333333333,10503.0,12313.8,13879.1,20656.416666666668,18633.491666666665
2022-05-04,13:47:00,1760.0,1765.0,1755.0,1760.0,1758.0,1755.5,1754.75,1761.75,1756.9583333333333,11080.0,10823.4,14556.0,20636.283333333333,18721.791666666668
2022-05-04,13:46:00,1755.0,1765.0,1755.0,1760.0,1758.0,1755.0,1754.0,1761.8333333333333,1756.8333333333333,26478.0,12702.4,14735.3,20608.75,18758.633333333335
2022-05-04,13:45:00,1760.0,1760.0,1755.0,1755.0,1757.0,1754.5,1753.25,1761.9166666666667,1756.7083333333333,1725.0,13649.4,15398.25,20400.45,18633.316666666666
2022-05-04,13:44:00,1760.0,1760.0,1755.0,1755.0,1756.0,1754.5,1753.0,1762.0,1756.5833333333333,11783.0,18385.6,17089.75,20442.45,18876.733333333334
2022-05-04,13:43:00,1760.0,1765.0,1760.0,1760.0,1755.0,1754.5,1753.0,1762.1666666666667,1756.5,3051.0,18314.0,18048.35,20511.966666666667,19236.541666666668
2022-05-04,13:42:00,1755.0,1765.0,1755.0,1760.0,1753.0,1754.0,1752.75,1762.25,1756.5,20475.0,23993.6,19386.55,20651.183333333334,19254.691666666666
2022-05-04,13:41:00,1750.0,1760.0,1750.0,1755.0,1752.0,1754.0,1752.75,1762.25,1756.5,31213.0,26239.0,18958.6,20470.7,19323.366666666665
2022-05-04,13:40:00,1750.0,1755.0,1750.0,1750.0,1752.0,1754.5,1753.0,1762.3333333333333,1756.5416666666667,25406.0,21500.4,18237.8,20067.816666666666,19174.283333333333
2022-05-04,13:39:00,1750.0,1750.0,1745.0,1750.0,1753.0,1754.5,1753.75,1762.5,1756.625,11425.0,16750.8,18098.2,19963.25,19048.2
2022-05-04,13:38:00,1755.0,1755.0,1750.0,1750.0,1754.0,1754.5,1754.75,1762.6666666666667,1756.6666666666667,31449.0,17987.6,17804.85,19968.633333333335,19140.475
2022-05-04,13:37:00,1755.0,1755.0,1750.0,1755.0,1755.0,1754.0,1755.75,1762.75,1756.7916666666667,31702.0,11914.8,16811.0,19647.516666666666,19318.566666666666
2022-05-04,13:36:00,1760.0,1760.0,1755.0,1755.0,1756.0,1753.0,1756.25,1762.6666666666667,1756.875,7520.0,5887.4,16460.0,19175.566666666666,19203.941666666666
2022-05-04,13:35:00,1755.0,1755.0,1755.0,1755.0,1757.0,1752.0,1757.0,1762.5833333333333,1756.875,1658.0,4958.4,16375.45,19268.9,19437.991666666665
2022-05-04,13:34:00,1760.0,1760.0,1755.0,1755.0,1756.0,1751.5,1757.75,1762.5,1756.9166666666667,17609.0,5527.0,16704.5,19273.666666666668,20106.158333333333
2022-05-04,13:33:00,1760.0,1760.0,1755.0,1755.0,1755.0,1751.5,1758.5,1762.4166666666667,1756.9583333333333,1085.0,6901.0,16095.95,19242.833333333332,20631.325
2022-05-04,13:32:00,1755.0,1760.0,1755.0,1760.0,1753.0,1751.5,1759.25,1762.4166666666667,1756.9166666666667,1565.0,11492.2,16388.25,19380.216666666667,20957.916666666668
2022-05-04,13:31:00,1755.0,1760.0,1755.0,1760.0,1750.0,1751.5,1759.75,1762.25,1756.75,2875.0,14112.4,16797.85,19488.533333333333,21023.183333333334
2022-05-04,13:30:00,1750.0,1755.0,1750.0,1750.0,1747.0,1751.5,1760.0,1762.0833333333333,1756.625,4501.0,21484.8,17017.3,19608.616666666665,21166.608333333334
2022-05-04,13:29:00,1745.0,1750.0,1745.0,1750.0,1747.0,1753.0,1761.0,1762.0,1756.5833333333333,24479.0,27695.6,17324.0,19851.983333333334,21200.966666666667
2022-05-04,13:28:00,1745.0,1750.0,1745.0,1745.0,1748.0,1755.0,1762.25,1762.0833333333333,1756.5416666666667,24041.0,28990.8,17891.65,19698.6,21138.425
2022-05-04,13:27:00,1745.0,1750.0,1745.0,1745.0,1750.0,1757.5,1763.5,1762.3333333333333,1756.5833333333333,14666.0,30145.6,17518.8,19453.05,21137.216666666667
2022-05-04,13:26:00,1750.0,1755.0,1745.0,1745.0,1753.0,1759.5,1764.75,1762.5833333333333,1756.5833333333333,39737.0,29595.6,18508.2,19435.866666666665,21140.516666666666
2022-05-04,13:25:00,1760.0,1760.0,1750.0,1750.0,1756.0,1762.0,1765.75,1763.0,1756.5833333333333,35555.0,25007.6,17186.2,20137.05,21063.283333333333
2022-05-04,13:24:00,1755.0,1760.0,1755.0,1755.0,1759.0,1764.0,1766.25,1763.25,1756.5833333333333,30955.0,22419.4,15985.4,19972.883333333335,20970.975
2022-05-04,13:23:00,1760.0,1760.0,1755.0,1755.0,1762.0,1765.5,1766.25,1763.25,1756.5416666666667,29815.0,17340.0,15314.7,19826.066666666666,20799.5
2022-05-04,13:22:00,1760.0,1765.0,1760.0,1760.0,1765.0,1767.0,1766.25,1763.25,1756.5,11916.0,13691.4,14539.4,19371.3,20593.341666666667
2022-05-04,13:21:00,1765.0,1770.0,1760.0,1760.0,1766.0,1768.0,1766.25,1763.1666666666667,1756.4166666666667,16797.0,16244.6,15093.0,19307.233333333334,20670.225
2022-05-04,13:20:00,1765.0,1770.0,1765.0,1765.0,1768.0,1768.5,1766.25,1763.0,1756.3333333333333,22614.0,14051.0,19686.15,19067.833333333332,20611.025
2022-05-04,13:19:00,1770.0,1770.0,1765.0,1770.0,1769.0,1769.0,1766.25,1762.75,1756.25,5558.0,11176.0,19742.45,18790.3,20816.225
2022-05-04,13:18:00,1770.0,1770.0,1765.0,1770.0,1769.0,1769.5,1766.25,1762.4166666666667,1756.0833333333333,11572.0,11152.0,21066.5,18945.416666666668,20837.916666666668
2022-05-04,13:17:00,1770.0,1770.0,1765.0,1765.0,1769.0,1769.5,1766.25,1762.1666666666667,1755.875,24682.0,10223.8,21751.7,19547.666666666668,20981.875
2022-05-04,13:16:00,1770.0,1770.0,1765.0,1770.0,1770.0,1770.0,1766.75,1762.0,1755.7916666666667,5829.0,7238.8,22165.25,19258.65,20908.883333333335
2022-05-04,13:15:00,1770.0,1770.0,1765.0,1770.0,1769.0,1769.5,1767.25,1761.75,1755.6666666666667,8239.0,7525.8,24246.1,19495.783333333333,20991.975
2022-05-04,13:14:00,1770.0,1770.0,1765.0,1770.0,1769.0,1768.5,1767.75,1761.5833333333333,1755.5416666666667,5438.0,8005.0,26342.65,19570.183333333334,21113.4
2022-05-04,13:13:00,1770.0,1770.0,1765.0,1770.0,1770.0,1767.0,1767.75,1761.3333333333333,1755.3333333333333,6931.0,14083.8,27074.35,19992.85,21827.616666666665
2022-05-04,13:12:00,1765.0,1770.0,1765.0,1770.0,1770.0,1765.5,1767.75,1761.1666666666667,1755.2083333333333,9757.0,16014.4,27819.5,20231.316666666666,22192.65
2022-05-04,13:11:00,1770.0,1770.0,1765.0,1765.0,1770.0,1764.5,1767.25,1761.0,1755.125,7264.0,20953.8,28823.95,20632.15,22488.55
2022-05-04,13:10:00,1775.0,1775.0,1765.0,1770.0,1770.0,1764.0,1767.25,1760.8333333333333,1755.0833333333333,10635.0,22160.4,29806.7,21756.166666666668,22588.925
2022-05-04,13:09:00,1770.0,1775.0,1765.0,1775.0,1768.0,1763.5,1767.5,1760.6666666666667,1755.0,35832.0,22341.2,31578.25,22231.716666666667,22795.633333333335
2022-05-04,13:08:00,1775.0,1775.0,1765.0,1770.0,1764.0,1763.0,1767.25,1760.0833333333333,1754.8333333333333,16584.0,18683.0,30198.5,21814.766666666666,23237.733333333334
2022-05-04,13:07:00,1765.0,1770.0,1760.0,1770.0,1761.0,1763.0,1767.0,1759.75,1754.7083333333333,34454.0,18228.0,29834.05,21743.833333333332,23481.225
2022-05-04,13:06:00,1760.0,1765.0,1755.0,1765.0,1759.0,1763.5,1766.75,1759.25,1754.5833333333333,13297.0,15934.8,28582.75,21358.966666666667,23645.875
2022-05-04,13:05:00,1755.0,1760.0,1755.0,1760.0,1758.0,1765.0,1766.75,1758.9166666666667,1754.5,11539.0,35007.4,28616.9,21302.816666666666,24176.416666666668
2022-05-04,13:04:00,1755.0,1760.0,1755.0,1755.0,1759.0,1767.0,1766.75,1758.5833333333333,1754.4166666666667,17541.0,37447.6,28252.2,21196.016666666666,24361.608333333334
2022-05-04,13:03:00,1760.0,1765.0,1755.0,1755.0,1762.0,1768.5,1767.25,1758.25,1754.3333333333333,14309.0,40347.2,28172.85,21287.25,24455.75
2022-05-04,13:02:00,1765.0,1765.0,1760.0,1760.0,1765.0,1770.0,1767.75,1758.0,1754.1666666666667,22988.0,42540.6,28027.6,21500.033333333333,24631.958333333332
2022-05-04,13:01:00,1765.0,1770.0,1755.0,1760.0,1768.0,1770.0,1767.75,1757.75,1753.9583333333333,108660.0,44533.6,27360.5,21291.166666666668,24808.341666666667
2022-05-04,13:00:00,1770.0,1770.0,1765.0,1765.0,1772.0,1770.5,1767.75,1757.5833333333333,1753.7916666666667,23740.0,32290.8,22279.5,19531.6,24021.716666666667
2022-05-04,12:59:00,1770.0,1775.0,1770.0,1770.0,1775.0,1771.5,1767.5,1757.3333333333333,1753.5833333333333,32039.0,37576.8,22049.1,19393.666666666668,24269.25
2022-05-04,12:58:00,1775.0,1775.0,1770.0,1770.0,1775.0,1771.5,1767.0,1756.9166666666667,1753.3333333333333,25276.0,35183.4,21034.55,18873.75,24791.241666666665
2022-05-04,12:57:00,1780.0,1780.0,1770.0,1775.0,1775.0,1771.0,1766.25,1756.4166666666667,1753.0,32953.0,34495.0,20379.85,18757.883333333335,24983.808333333334
2022-05-04,12:56:00,1780.0,1785.0,1775.0,1780.0,1772.0,1770.0,1765.0,1755.9166666666667,1752.625,47446.0,33873.6,18901.45,18338.033333333333,25272.491666666665
2022-05-04,12:55:00,1770.0,1780.0,1770.0,1780.0,1769.0,1768.5,1763.5,1755.25,1752.25,50170.0,29768.2,17185.15,17707.716666666667,25455.233333333334
2022-05-04,12:54:00,1765.0,1770.0,1765.0,1770.0,1768.0,1766.5,1762.0,1754.5833333333333,1751.9166666666667,20072.0,28947.4,14773.85,17841.366666666665,25895.041666666668
2022-05-04,12:53:00,1760.0,1770.0,1760.0,1770.0,1768.0,1766.0,1761.0,1754.1666666666667,1751.625,21834.0,26580.4,14558.2,17880.483333333334,26644.316666666666
2022-05-04,12:52:00,1765.0,1770.0,1760.0,1760.0,1767.0,1765.5,1760.25,1753.8333333333333,1751.2916666666667,29846.0,24072.6,13932.9,17635.116666666665,28155.066666666666
2022-05-04,12:51:00,1770.0,1775.0,1765.0,1765.0,1768.0,1765.5,1759.75,1753.75,1751.1666666666667,26919.0,19989.0,12843.8,17361.033333333333,28749.716666666667
2022-05-04,12:50:00,1770.0,1775.0,1765.0,1775.0,1768.0,1765.0,1759.0,1753.4166666666667,1751.0416666666667,46066.0,17401.2,12001.85,17122.416666666668,29023.491666666665
2022-05-04,12:49:00,1765.0,1770.0,1765.0,1770.0,1765.0,1763.5,1757.5,1752.9166666666667,1750.8333333333333,8237.0,9037.0,10653.7,16567.566666666666,28994.95
2022-05-04,12:48:00,1765.0,1765.0,1760.0,1765.0,1764.0,1762.5,1756.75,1752.5833333333333,1750.7083333333333,9295.0,10580.4,11005.65,16610.566666666666,29558.416666666668
2022-05-04,12:47:00,1765.0,1765.0,1760.0,1765.0,1764.0,1761.5,1756.5,1752.1666666666667,1750.5833333333333,9428.0,11002.2,11006.3,16807.3,30123.258333333335
2022-05-04,12:46:00,1765.0,1765.0,1760.0,1765.0,1763.0,1760.0,1756.25,1751.8333333333333,1750.5416666666667,13980.0,11045.8,11216.65,16908.516666666666,30764.883333333335
2022-05-04,12:45:00,1765.0,1765.0,1755.0,1760.0,1762.0,1758.5,1756.5,1751.5,1750.4583333333333,4245.0,9657.8,14608.05,16866.183333333334,31969.075
2022-05-04,12:44:00,1765.0,1765.0,1760.0,1765.0,1762.0,1757.5,1756.75,1751.1666666666667,1750.2916666666667,15954.0,12635.2,15681.05,17311.016666666666,33150.76666666667
2022-05-04,12:43:00,1765.0,1765.0,1760.0,1765.0,1761.0,1756.0,1756.25,1750.8333333333333,1750.1666666666667,11404.0,11794.0,15990.65,17961.116666666665,36022.441666666666
2022-05-04,12:42:00,1760.0,1765.0,1760.0,1760.0,1759.0,1755.0,1755.75,1750.75,1750.125,9646.0,11949.6,15546.9,17858.2,38477.10833333333
2022-05-04,12:41:00,1765.0,1765.0,1755.0,1760.0,1757.0,1754.0,1755.5,1750.75,1750.2083333333333,7040.0,10697.4,15468.2,18176.033333333333,42009.28333333333
2022-05-04,12:40:00,1760.0,1760.0,1755.0,1760.0,1755.0,1753.0,1755.0,1750.75,1750.5,19132.0,11913.4,15237.85,18280.75,42449.28333333333
2022-05-04,12:39:00,1755.0,1760.0,1755.0,1760.0,1753.0,1751.5,1754.5,1750.75,1750.9166666666667,11748.0,8475.8,14579.35,18133.15,42728.09166666667
2022-05-04,12:38:00,1755.0,1755.0,1750.0,1755.0,1751.0,1751.0,1754.0,1750.6666666666667,1751.25,12182.0,9278.0,14735.2,18312.316666666666,43249.74166666667
2022-05-04,12:37:00,1750.0,1755.0,1745.0,1750.0,1751.0,1751.5,1754.0,1750.8333333333333,1751.7916666666667,3385.0,8707.2,16511.45,18989.616666666665,43558.65
2022-05-04,12:36:00,1750.0,1750.0,1745.0,1750.0,1751.0,1752.5,1754.25,1751.0833333333333,1752.2916666666667,13120.0,9643.0,16709.25,19232.316666666666,43825.46666666667
2022-05-04,12:35:00,1750.0,1750.0,1745.0,1750.0,1751.0,1754.5,1754.5,1751.1666666666667,1752.8333333333333,1944.0,9035.0,17056.1,19607.083333333332,44071.041666666664
2022-05-04,12:34:00,1755.0,1755.0,1745.0,1750.0,1750.0,1756.0,1755.0,1751.3333333333333,1753.3333333333333,15759.0,12466.8,17594.05,20938.65,44377.875
2022-05-04,12:33:00,1750.0,1755.0,1745.0,1755.0,1751.0,1756.5,1755.25,1751.5,1753.8333333333333,9328.0,12370.2,18346.0,22019.816666666666,44740.09166666667
2022-05-04,12:32:00,1750.0,1750.0,1745.0,1750.0,1752.0,1756.5,1755.5,1751.4166666666667,1754.375,8064.0,12366.2,18941.55,22535.616666666665,45153.15833333333
2022-05-04,12:31:00,1750.0,1755.0,1745.0,1750.0,1754.0,1757.0,1756.0,1751.25,1755.0,10080.0,13480.4,20228.7,22557.833333333332,45698.675
2022-05-04,12:30:00,1755.0,1755.0,1745.0,1745.0,1758.0,1757.0,1756.25,1751.1666666666667,1755.5416666666667,19103.0,27826.0,23459.95,22724.6,45838.308333333334
2022-05-04,12:29:00,1755.0,1760.0,1750.0,1755.0,1762.0,1757.5,1757.0,1751.1666666666667,1756.0833333333333,15276.0,29146.4,24463.2,22549.95,46466.933333333334
2022-05-04,12:28:00,1760.0,1760.0,1755.0,1760.0,1762.0,1757.0,1756.25,1751.0,1756.625,9308.0,30520.4,24240.15,22578.25,47136.958333333336
2022-05-04,12:27:00,1770.0,1770.0,1760.0,1760.0,1761.0,1756.5,1755.75,1750.8333333333333,1757.125,13635.0,29164.6,24391.15,22821.383333333335,47919.35833333333
2022-05-04,12:26:00,1765.0,1775.0,1765.0,1770.0,1760.0,1756.0,1754.75,1750.5833333333333,1757.4583333333333,81808.0,28052.0,24277.5,22845.166666666668,50743.725
2022-05-04,12:25:00,1755.0,1765.0,1755.0,1765.0,1756.0,1754.5,1753.5,1750.1666666666667,1757.7916666666667,25705.0,12177.0,20683.5,21989.516666666666,50756.325
2022-05-04,12:24:00,1755.0,1760.0,1750.0,1755.0,1753.0,1754.0,1752.25,1749.9166666666667,1758.1666666666667,22146.0,8228.4,19654.8,21969.066666666666,52120.59166666667
2022-05-04,12:23:00,1755.0,1755.0,1750.0,1755.0,1752.0,1754.0,1751.25,1749.8333333333333,1758.625,2529.0,6772.2,19698.25,21772.933333333334,52342.73333333333
2022-05-04,12:22:00,1750.0,1755.0,1750.0,1755.0,1752.0,1754.5,1750.5,1749.75,1759.125,8072.0,15807.8,20925.6,21815.383333333335,53144.53333333333
2022-05-04,12:21:00,1745.0,1750.0,1745.0,1750.0,1752.0,1755.0,1750.0,1749.6666666666667,1759.6666666666667,2433.0,15661.6,21044.8,22033.216666666667,53532.583333333336
2022-05-04,12:20:00,1750.0,1755.0,1745.0,1750.0,1753.0,1755.5,1750.0,1749.6666666666667,1760.3333333333333,5962.0,19186.4,21077.45,22154.216666666667,53920.53333333333
2022-05-04,12:19:00,1755.0,1755.0,1745.0,1750.0,1755.0,1756.5,1750.0,1749.75,1761.0,14865.0,20534.6,21552.55,22842.15,54220.45
2022-05-04,12:18:00,1755.0,1760.0,1740.0,1755.0,1756.0,1755.5,1749.75,1749.75,1761.7083333333333,47707.0,23721.2,20851.5,22730.416666666668,54824.60833333333
2022-05-04,12:17:00,1755.0,1760.0,1750.0,1755.0,1757.0,1755.0,1749.0,1749.5833333333333,1762.375,7341.0,18427.6,19382.35,22416.083333333332,55210.05
2022-05-04,12:16:00,1760.0,1760.0,1750.0,1755.0,1758.0,1753.5,1748.5,1749.5833333333333,1762.9583333333333,20057.0,23720.8,19403.4,22559.116666666665,56522.34166666667
2022-05-04,12:15:00,1755.0,1765.0,1755.0,1760.0,1758.0,1752.5,1747.75,1749.5833333333333,1763.4583333333333,12703.0,34650.4,18881.9,22488.166666666668,58888.6
2022-05-04,12:14:00,1760.0,1765.0,1755.0,1755.0,1758.0,1750.5,1746.75,1749.5,1764.0,30798.0,39943.4,21156.2,22656.616666666665,61458.816666666666
2022-05-04,12:13:00,1760.0,1760.0,1755.0,1760.0,1755.0,1748.5,1746.25,1749.3333333333333,1764.6666666666667,21239.0,35946.8,20737.25,23662.383333333335,62170.10833333333
2022-05-04,12:12:00,1755.0,1760.0,1750.0,1760.0,1753.0,1746.5,1745.75,1749.25,1765.375,33807.0,34164.6,20030.9,24153.983333333334,63452.291666666664
2022-05-04,12:11:00,1760.0,1765.0,1755.0,1755.0,1749.0,1745.0,1745.5,1749.25,1766.2083333333333,74705.0,29675.6,19010.6,24344.95,63344.53333333333
2022-05-04,12:10:00,1750.0,1760.0,1750.0,1760.0,1747.0,1744.5,1745.0,1749.3333333333333,1767.125,39168.0,16720.2,15905.45,23421.683333333334,63432.433333333334
2022-05-04,12:09:00,1750.0,1750.0,1740.0,1740.0,1743.0,1743.5,1744.25,1749.3333333333333,1767.9583333333333,10815.0,9912.8,14585.8,23359.55,63558.975
2022-05-04,12:08:00,1745.0,1750.0,1740.0,1750.0,1742.0,1744.0,1744.75,1749.5833333333333,1768.875,12328.0,12352.8,14585.9,24660.7,64461.88333333333
2022-05-04,12:07:00,1745.0,1745.0,1740.0,1740.0,1740.0,1743.0,1744.25,1749.6666666666667,1769.7083333333333,11362.0,15302.4,15024.45,25218.616666666665,65750.65833333334
2022-05-04,12:06:00,1740.0,1745.0,1740.0,1745.0,1741.0,1743.5,1744.5,1749.9166666666667,1770.6666666666667,9928.0,15121.2,15231.4,25932.783333333333,69480.38333333333
2022-05-04,12:05:00,1740.0,1745.0,1740.0,1740.0,1742.0,1743.0,1744.5,1750.0833333333333,1771.6666666666667,5131.0,13752.8,15307.0,27050.016666666666,71009.375
2022-05-04,12:04:00,1740.0,1745.0,1735.0,1735.0,1744.0,1743.0,1744.5,1750.25,1772.8333333333333,23015.0,15819.4,16597.2,27527.2,71543.60833333334
2022-05-04,12:03:00,1745.0,1745.0,1740.0,1740.0,1746.0,1744.0,1745.0,1750.4166666666667,1774.125,27076.0,11385.2,18194.45,27624.25,71801.775
2022-05-04,12:02:00,1750.0,1750.0,1745.0,1745.0,1746.0,1745.0,1746.0,1750.3333333333333,1775.4166666666667,10456.0,9634.8,17102.1,27763.883333333335,72361.13333333333
2022-05-04,12:01:00,1750.0,1750.0,1740.0,1750.0,1746.0,1746.0,1746.75,1750.1666666666667,1776.5833333333333,3086.0,9096.0,18015.1,28325.516666666666,72645.04166666667
2022-05-04,12:00:00,1745.0,1750.0,1740.0,1750.0,1744.0,1745.5,1747.25,1750.0,1777.75,15464.0,10404.2,18526.95,28511.833333333332,73113.70833333333
2022-05-04,11:59:00,1745.0,1745.0,1740.0,1745.0,1742.0,1745.0,1747.75,1749.8333333333333,1778.8333333333333,844.0,18949.2,18267.55,29144.833333333332,73676.18333333333
2022-05-04,11:58:00,1745.0,1745.0,1740.0,1740.0,1742.0,1745.5,1748.25,1749.75,1779.9583333333333,18324.0,23264.2,19350.25,30708.733333333334,74046.64166666666
2022-05-04,11:57:00,1745.0,1745.0,1740.0,1745.0,1744.0,1745.5,1749.5,1749.5833333333333,1781.125,7762.0,21021.8,21075.05,31209.733333333334,74564.16666666667
2022-05-04,11:56:00,1740.0,1745.0,1735.0,1740.0,1746.0,1745.5,1750.5,1749.3333333333333,1782.25,9627.0,22149.6,21584.3,32206.95,75147.325
2022-05-04,11:55:00,1745.0,1745.0,1740.0,1740.0,1747.0,1746.0,1751.25,1749.25,1783.4166666666667,58189.0,22744.6,22883.25,33202.75,75519.19166666667
2022-05-04,11:54:00,1750.0,1750.0,1740.0,1745.0,1748.0,1746.0,1752.25,1749.25,1784.6666666666667,22419.0,13661.8,24065.7,33948.71666666667,75586.25833333333
2022-05-04,11:53:00,1750.0,1755.0,1745.0,1750.0,1749.0,1746.0,1753.0,1749.0833333333333,1785.7916666666667,7112.0,11341.4,26976.2,35408.15,75717.61666666667
2022-05-04,11:52:00,1750.0,1755.0,1745.0,1755.0,1747.0,1747.0,1753.0,1748.75,1786.9583333333333,13401.0,14138.8,28634.4,38675.01666666667,76631.45
2022-05-04,11:51:00,1745.0,1750.0,1745.0,1745.0,1745.0,1747.5,1752.25,1748.5833333333333,1788.0,12602.0,14558.8,28434.2,40138.4,77610.73333333334
2022-05-04,11:50:00,1750.0,1750.0,1745.0,1745.0,1745.0,1749.0,1752.25,1748.6666666666667,1789.2083333333333,12775.0,14326.4,28808.4,40924.566666666666,78487.875
2022-05-04,11:49:00,1745.0,1750.0,1740.0,1750.0,1744.0,1750.5,1752.25,1748.75,1790.375,10817.0,17958.4,28600.85,41422.333333333336,79528.56666666667
2022-05-04,11:48:00,1745.0,1745.0,1740.0,1740.0,1743.0,1751.0,1752.0,1748.8333333333333,1791.4583333333333,21099.0,26787.0,28908.7,42506.26666666667,80387.6
2022-05-04,11:47:00,1745.0,1745.0,1740.0,1745.0,1747.0,1753.5,1752.5,1749.0,1792.7083333333333,15501.0,23613.0,29048.55,43439.21666666667,83609.675
2022-05-04,11:46:00,1745.0,1750.0,1740.0,1745.0,1750.0,1755.5,1752.5,1749.25,1794.0416666666667,11440.0,26256.0,29026.6,44621.25,84627.05
2022-05-04,11:45:00,1745.0,1745.0,1740.0,1740.0,1753.0,1756.5,1752.5,1749.4166666666667,1795.375,30935.0,26632.6,29978.05,47071.96666666667,85650.9
2022-05-04,11:44:00,1750.0,1755.0,1745.0,1745.0,1757.0,1758.5,1753.0,1749.4166666666667,1796.7916666666667,54960.0,22500.8,29655.2,48990.51666666667,86145.33333333333
2022-05-04,11:43:00,1760.0,1760.0,1750.0,1760.0,1759.0,1760.0,1753.25,1749.5,1798.125,5229.0,16008.4,27426.1,54083.76666666667,88391.70833333333
2022-05-04,11:42:00,1755.0,1760.0,1750.0,1760.0,1760.0,1759.0,1752.75,1749.5,1799.3333333333333,28716.0,25526.6,27418.45,59096.01666666667,90308.08333333333
2022-05-04,11:41:00,1760.0,1760.0,1755.0,1760.0,1761.0,1757.0,1752.25,1749.6666666666667,1800.625,13323.0,23372.8,27039.75,65842.53333333334,93317.30833333333
2022-05-04,11:40:00,1755.0,1760.0,1755.0,1760.0,1760.0,1755.5,1751.75,1750.25,1801.9583333333333,10276.0,27829.4,26858.25,66617.81666666667,98214.625
2022-05-04,11:39:00,1765.0,1765.0,1755.0,1755.0,1760.0,1754.0,1751.5,1751.0833333333333,1803.3333333333333,22498.0,42141.8,28706.35,67323.03333333334,104026.89166666666
2022-05-04,11:38:00,1760.0,1770.0,1760.0,1765.0,1761.0,1753.0,1751.25,1751.8333333333333,1804.75,52820.0,53768.0,27989.5,68187.16666666667,117544.05833333333
2022-05-04,11:37:00,1760.0,1765.0,1750.0,1765.0,1758.0,1751.5,1750.25,1752.75,1806.3333333333333,17947.0,51259.2,26790.85,68127.68333333333,130753.48333333334
2022-05-04,11:36:00,1765.0,1765.0,1750.0,1755.0,1753.0,1749.5,1749.75,1753.5,1807.375,35606.0,49549.2,26689.65,68418.61666666667,133883.43333333332
2022-05-04,11:35:00,1760.0,1765.0,1755.0,1760.0,1751.0,1748.5,1749.75,1754.5,1808.3333333333333,81838.0,46445.2,25699.35,68535.0,134260.85833333334
2022-05-04,11:34:00,1745.0,1760.0,1745.0,1760.0,1748.0,1747.5,1749.5,1755.3333333333333,1809.2083333333333,80629.0,31802.4,22747.95,67817.1,134620.25
2022-05-04,11:33:00,1745.0,1750.0,1740.0,1750.0,1745.0,1746.5,1748.75,1756.1666666666667,1810.0833333333333,40276.0,19071.4,23273.7,67460.36666666667,135759.45
2022-05-04,11:32:00,1745.0,1745.0,1740.0,1740.0,1745.0,1746.5,1749.0,1757.3333333333333,1811.0416666666667,9397.0,15795.4,23796.65,67770.7,137206.18333333332
2022-05-04,11:31:00,1745.0,1745.0,1740.0,1745.0,1746.0,1747.5,1750.0,1758.75,1812.2083333333333,20086.0,16928.4,25590.05,68839.51666666666,138509.26666666666
2022-05-04,11:30:00,1745.0,1750.0,1745.0,1745.0,1746.0,1748.0,1750.75,1759.9166666666667,1813.3333333333333,8624.0,19005.0,25551.2,68952.01666666666,139820.09166666667
2022-05-04,11:29:00,1750.0,1750.0,1745.0,1745.0,1747.0,1749.0,1751.5,1761.0,1814.3333333333333,16974.0,22175.8,26892.0,70383.91666666667,142035.525
2022-05-04,11:28:00,1750.0,1755.0,1745.0,1750.0,1748.0,1749.5,1752.0,1762.25,1815.4166666666667,23896.0,20856.6,30487.5,71695.66666666667,144223.76666666666
2022-05-04,11:27:00,1750.0,1750.0,1745.0,1745.0,1748.0,1749.0,1752.25,1763.4166666666667,1816.4583333333333,15062.0,17092.6,31582.85,73017.33333333333,146064.19166666668
2022-05-04,11:26:00,1745.0,1750.0,1745.0,1745.0,1749.0,1750.0,1752.75,1764.3333333333333,1817.625,30469.0,18308.6,33540.35,78642.28333333334,149204.89166666666
2022-05-04,11:25:00,1750.0,1750.0,1745.0,1750.0,1750.0,1751.0,1753.25,1765.4166666666667,1818.6666666666667,24478.0,14153.4,35865.0,79523.13333333333,165454.89166666666
2022-05-04,11:24:00,1755.0,1755.0,1750.0,1750.0,1751.0,1751.5,1753.25,1766.4166666666667,1820.0416666666667,10378.0,18705.4,36329.2,82272.11666666667,170760.375
2022-05-04,11:23:00,1750.0,1755.0,1750.0,1750.0,1751.0,1751.0,1753.0,1767.4166666666667,1821.3333333333333,5076.0,18262.0,37252.2,82912.53333333334,174401.04166666666
2022-05-04,11:22:00,1755.0,1755.0,1750.0,1750.0,1750.0,1751.5,1752.25,1768.5,1822.7916666666667,21142.0,23016.2,38771.1,84473.68333333333,180540.875
2022-05-04,11:21:00,1755.0,1755.0,1750.0,1750.0,1751.0,1752.5,1751.5,1769.6666666666667,1824.1666666666667,9693.0,21972.4,39921.7,85031.95,186577.24166666667
2022-05-04,11:20:00,1750.0,1755.0,1745.0,1755.0,1752.0,1753.5,1751.0,1771.0,1825.3333333333333,47238.0,23193.8,40150.3,85686.85,189166.20833333334
2022-05-04,11:19:00,1745.0,1750.0,1745.0,1750.0,1752.0,1754.0,1750.25,1772.25,1826.5416666666667,8161.0,18308.2,40460.6,85598.75,192009.71666666667
2022-05-04,11:18:00,1755.0,1755.0,1745.0,1745.0,1751.0,1754.5,1749.75,1773.6666666666667,1827.875,28847.0,34904.8,44786.45,86918.8,196548.61666666667
2022-05-04,11:17:00,1755.0,1755.0,1750.0,1755.0,1753.0,1755.5,1749.0,1775.1666666666667,1828.9166666666667,15923.0,39282.4,45763.3,88004.01666666666,200282.10833333334
2022-05-04,11:16:00,1750.0,1755.0,1750.0,1755.0,1754.0,1755.5,1747.75,1776.3333333333333,1830.0833333333333,15800.0,45150.8,48346.9,90485.56666666667,208169.89166666666
2022-05-04,11:15:00,1750.0,1755.0,1740.0,1755.0,1755.0,1755.5,1746.75,1777.3333333333333,1831.4583333333333,22810.0,45852.6,51025.65,95289.03333333334,220908.73333333334
2022-05-04,11:14:00,1755.0,1755.0,1740.0,1745.0,1756.0,1755.0,1746.0,1778.5,1832.4583333333333,91144.0,48378.6,55032.5,100261.01666666666,224483.25
2022-05-04,11:13:00,1760.0,1760.0,1750.0,1755.0,1758.0,1755.0,1745.5,1780.0,1833.4583333333333,50735.0,47926.6,55974.55,100677.83333333333,226928.05833333332
2022-05-04,11:12:00,1760.0,1765.0,1755.0,1760.0,1758.0,1753.0,1744.25,1781.5,1834.25,45265.0,46940.2,63594.0,102750.6,234374.98333333334
2022-05-04,11:11:00,1755.0,1760.0,1755.0,1760.0,1757.0,1750.5,1743.5,1783.1666666666667,1835.1666666666667,19309.0,48729.6,66390.95,102344.11666666667,248719.18333333332
2022-05-04,11:10:00,1755.0,1760.0,1750.0,1760.0,1756.0,1748.5,1743.0,1784.9166666666667,1836.7083333333333,35440.0,60260.2,68414.1,103443.18333333333,271789.36666666664
2022-05-04,11:09:00,1760.0,1760.0,1745.0,1755.0,1754.0,1746.5,1742.5,1786.5833333333333,1837.8333333333333,88884.0,59924.6,68774.15,103758.4,278891.88333333336
2022-05-04,11:08:00,1755.0,1760.0,1750.0,1755.0,1752.0,1745.0,1742.5,1788.1666666666667,1838.6666666666667,45803.0,47915.4,68122.6,104263.06666666667,281234.6
2022-05-04,11:07:00,1750.0,1760.0,1750.0,1755.0,1748.0,1742.5,1742.25,1789.75,1839.25,54212.0,45845.6,69686.25,106282.7,285492.36666666664
2022-05-04,11:06:00,1745.0,1755.0,1745.0,1755.0,1744.0,1740.0,1742.5,1791.4166666666667,1840.3333333333333,76962.0,43834.0,71296.8,113027.98333333334,289995.1666666667
2022-05-04,11:05:00,1745.0,1750.0,1740.0,1750.0,1741.0,1738.0,1742.5,1793.25,1841.3333333333333,33762.0,31294.6,75372.85,114968.73333333334,294054.4
2022-05-04,11:04:00,1735.0,1745.0,1735.0,1745.0,1739.0,1737.0,1742.0,1795.4166666666667,1842.2083333333333,28838.0,35231.0,80987.15,115560.01666666666,301715.80833333335
2022-05-04,11:03:00,1735.0,1735.0,1730.0,1735.0,1738.0,1736.0,1742.25,1797.8333333333333,1843.2916666666667,35454.0,48399.0,97573.0,115979.3,312360.73333333334
2022-05-04,11:02:00,1740.0,1740.0,1730.0,1735.0,1737.0,1735.5,1743.5,1800.5,1844.6666666666667,44154.0,50985.0,111098.5,116958.38333333333,337423.68333333335
2022-05-04,11:01:00,1740.0,1740.0,1735.0,1740.0,1736.0,1736.5,1745.25,1803.0,1844.375,14265.0,55673.2,130566.15,116964.56666666667,338175.43333333335
2022-05-04,11:00:00,1740.0,1745.0,1735.0,1740.0,1735.0,1737.5,1748.0,1805.5,1844.0416666666667,53444.0,66695.2,132844.9,117715.58333333333,339917.65
2022-05-04,10:59:00,1730.0,1745.0,1730.0,1740.0,1735.0,1738.5,1751.5,1807.8333333333333,1843.2083333333333,94678.0,76595.8,132802.15,118207.53333333334,339610.3333333333
2022-05-04,10:58:00,1730.0,1730.0,1725.0,1730.0,1734.0,1740.0,1754.5,1810.1666666666667,1842.2916666666667,48384.0,79657.2,131785.55,117384.55,338960.60833333334
2022-05-04,10:56:00,1735.0,1735.0,1730.0,1730.0,1734.0,1742.0,1759.0,1812.6666666666667,1841.5,67595.0,110605.2,131828.9,117918.6,338575.68333333335
2022-05-04,10:55:00,1740.0,1745.0,1730.0,1735.0,1737.0,1745.0,1763.0,1815.1666666666667,1840.7083333333333,69375.0,117327.0,130219.3,118087.7,338012.89166666666
2022-05-04,10:54:00,1730.0,1745.0,1730.0,1740.0,1740.0,1747.0,1767.0,1817.5833333333333,1839.7916666666667,102947.0,115406.4,128880.0,117835.63333333333,337510.6
2022-05-04,10:53:00,1730.0,1735.0,1730.0,1735.0,1742.0,1747.0,1770.5,1820.0833333333333,1838.9166666666667,109985.0,103345.2,125670.85,117223.8,336652.73333333334
2022-05-04,10:52:00,1740.0,1745.0,1730.0,1730.0,1746.0,1748.5,1774.25,1822.5,1838.0416666666667,203124.0,96518.8,123132.85,116027.08333333333,335750.18333333335
2022-05-04,10:51:00,1750.0,1750.0,1740.0,1745.0,1750.0,1751.5,1778.75,1825.1666666666667,1837.2083333333333,101204.0,71309.2,115921.45,114587.88333333333,334067.975
2022-05-04,10:50:00,1755.0,1755.0,1750.0,1750.0,1753.0,1754.0,1782.75,1827.4166666666667,1836.2916666666667,59772.0,68353.0,114537.55,115083.06666666667,333229.325
2022-05-04,10:49:00,1755.0,1760.0,1750.0,1750.0,1754.0,1758.5,1786.0,1829.75,1835.3333333333333,42641.0,88095.2,112890.75,116051.18333333333,332894.35
2022-05-04,10:48:00,1750.0,1755.0,1750.0,1755.0,1752.0,1764.5,1789.0,1832.0,1834.3333333333333,75853.0,108776.6,115485.6,117634.8,332603.2916666667
2022-05-04,10:47:00,1760.0,1760.0,1750.0,1750.0,1751.0,1769.0,1792.25,1834.0833333333333,1833.2916666666667,77076.0,165717.0,116476.9,118268.93333333333,331978.05833333335
2022-05-04,10:46:00,1755.0,1765.0,1755.0,1760.0,1753.0,1776.0,1795.75,1836.4166666666667,1832.2916666666667,86423.0,211494.6,117782.9,123780.13333333333,331384.69166666665
2022-05-04,10:45:00,1740.0,1760.0,1740.0,1755.0,1755.0,1781.0,1797.75,1838.8333333333333,1831.25,158483.0,280911.4,131089.7,124632.85,330669.6666666667
2022-05-04,10:44:00,1750.0,1755.0,1740.0,1740.0,1763.0,1787.0,1800.5,1841.3333333333333,1830.2083333333333,146048.0,261182.8,127331.55,124229.83333333333,329405.3333333333
2022-05-04,10:43:00,1765.0,1765.0,1745.0,1750.0,1777.0,1794.0,1804.0,1844.1666666666667,1829.2916666666667,360555.0,242491.0,129500.0,123300.15,328249.73333333334
2022-05-04,10:42:00,1770.0,1775.0,1755.0,1760.0,1787.0,1800.0,1807.0,1846.75,1828.25,305964.0,185249.2,113912.4,122699.65,325248.7833333333
2022-05-04,10:41:00,1800.0,1800.0,1770.0,1770.0,1799.0,1806.0,1809.75,1849.1666666666667,1827.0833333333333,433507.0,133906.6,103551.45,121520.15,322700.14166666666
2022-05-04,10:40:00,1810.0,1810.0,1795.0,1795.0,1807.0,1811.5,1812.25,1851.5833333333333,1825.875,59840.0,54285.8,84608.0,120792.08333333333,319102.2
2022-05-04,10:39:00,1800.0,1810.0,1800.0,1810.0,1811.0,1813.5,1814.0,1853.6666666666667,1824.4166666666667,52589.0,50835.6,84065.35,129811.43333333333,318750.325
2022-05-04,10:38:00,1810.0,1820.0,1800.0,1800.0,1811.0,1813.5,1815.0,1855.5833333333333,1822.8333333333333,74346.0,48070.6,83533.5,140730.75,318576.5
2022-05-04,10:37:00,1815.0,1820.0,1810.0,1820.0,1813.0,1815.5,1816.75,1857.6666666666667,1821.2083333333333,49251.0,45046.4,84184.4,166900.95,318058.93333333335
2022-05-04,10:36:00,1815.0,1820.0,1810.0,1810.0,1813.0,1815.5,1817.5,1859.9166666666667,1819.375,35403.0,46975.4,86419.85,193379.28333333333,317683.7083333333
2022-05-04,10:35:00,1810.0,1820.0,1805.0,1815.0,1816.0,1814.5,1818.25,1861.25,1817.625,42589.0,54600.0,92890.5,199348.25,317425.025
2022-05-04,10:34:00,1810.0,1815.0,1810.0,1810.0,1816.0,1814.0,1818.25,1862.1666666666667,1815.8333333333333,38764.0,51449.4,105961.45,199986.71666666667,317086.81666666665
2022-05-04,10:33:00,1820.0,1825.0,1810.0,1810.0,1816.0,1814.0,1819.0,1863.0833333333333,1814.0833333333333,59225.0,62604.2,120079.7,201423.4,316842.6583333333
2022-05-04,10:32:00,1825.0,1825.0,1815.0,1820.0,1818.0,1814.0,1820.25,1864.0,1812.375,58896.0,69895.0,122926.1,204058.53333333333,316349.125
2022-05-04,10:31:00,1815.0,1825.0,1815.0,1825.0,1818.0,1813.5,1821.5,1864.75,1810.5416666666667,73526.0,78755.0,128736.35,206641.66666666666,315864.65
2022-05-04,10:30:00,1810.0,1820.0,1810.0,1815.0,1813.0,1813.0,1823.25,1865.6666666666667,1808.7083333333333,26836.0,134561.6,126103.85,208179.01666666666,315252.44166666665
2022-05-04,10:29:00,1820.0,1825.0,1810.0,1810.0,1812.0,1814.5,1825.75,1866.75,1806.9166666666667,94538.0,145858.4,129024.7,210688.16666666666,315054.23333333334
2022-05-04,10:28:00,1820.0,1825.0,1815.0,1820.0,1812.0,1816.5,1828.25,1867.6666666666667,1805.1666666666667,95679.0,164834.2,127015.45,213687.13333333333,314286.4166666667
2022-05-04,10:27:00,1800.0,1820.0,1800.0,1820.0,1810.0,1818.0,1829.75,1868.5833333333333,1803.3333333333333,103196.0,155459.0,128189.7,216751.86666666667,313572.43333333335
2022-05-04,10:26:00,1810.0,1810.0,1795.0,1800.0,1809.0,1819.5,1831.25,1869.5,1801.5833333333333,352559.0,154568.8,131378.95,219111.05,312757.74166666664
2022-05-04,10:25:00,1810.0,1815.0,1805.0,1810.0,1813.0,1822.0,1834.0,1870.9166666666667,1800.0,83320.0,94984.6,136697.45,219767.5,309820.01666666666
2022-05-04,10:24:00,1810.0,1820.0,1805.0,1810.0,1817.0,1822.5,1836.75,1871.9166666666667,1798.3333333333333,189417.0,88118.0,142201.8,251386.65,309133.68333333335
2022-05-04,10:23:00,1815.0,1820.0,1810.0,1810.0,1821.0,1824.0,1840.25,1873.6666666666667,1796.6666666666667,48803.0,58625.0,136192.9,259248.63333333333,307563.55833333335
2022-05-04,10:22:00,1825.0,1825.0,1815.0,1815.0,1826.0,1826.5,1844.25,1875.25,1795.0,98745.0,66337.2,136452.5,265889.55,307156.89166666666
2022-05-04,10:21:00,1830.0,1830.0,1820.0,1820.0,1830.0,1829.5,1848.25,1877.0833333333333,1793.2916666666667,54638.0,65380.2,136225.2,276608.06666666665,306353.5833333333
2022-05-04,10:20:00,1830.0,1835.0,1825.0,1830.0,1831.0,1833.5,1851.5,1878.6666666666667,1791.5416666666667,48987.0,87415.8,135719.55,288122.5333333333,305981.6
2022-05-04,10:19:00,1835.0,1835.0,1825.0,1830.0,1828.0,1837.0,1854.5,1879.6666666666667,1789.7083333333333,41952.0,138420.0,136236.5,292645.56666666665,305573.38333333336
2022-05-04,10:18:00,1830.0,1835.0,1825.0,1835.0,1827.0,1840.0,1857.0,1880.8333333333333,1787.8333333333333,87364.0,194255.4,138286.95,298420.68333333335,305223.86666666664
2022-05-04,10:17:00,1825.0,1835.0,1820.0,1835.0,1827.0,1841.5,1859.25,1882.0833333333333,1785.9583333333333,93960.0,200013.2,136183.7,306178.43333333335,304495.8416666667
2022-05-04,10:16:00,1810.0,1825.0,1810.0,1825.0,1829.0,1843.0,1861.5,1882.6666666666667,1784.0833333333333,164816.0,216241.4,135507.05,312560.2,303714.525
2022-05-04,10:15:00,1830.0,1830.0,1805.0,1815.0,1836.0,1846.0,1864.25,1883.8333333333333,1782.2916666666667,304008.0,187453.4,131153.3,325854.2166666667,302342.74166666664
2022-05-04,10:14:00,1835.0,1840.0,1820.0,1825.0,1846.0,1851.0,1867.5,1885.5833333333333,1780.5833333333333,321129.0,143702.4,118665.45,346528.43333333335,299809.35
2022-05-04,10:13:00,1845.0,1845.0,1835.0,1835.0,1853.0,1856.5,1870.75,1886.4166666666667,1778.7916666666667,116153.0,90347.2,105920.85,348705.48333333334,297138.675
2022-05-04,10:12:00,1860.0,1860.0,1840.0,1845.0,1856.0,1862.0,1873.0,1886.9166666666667,1776.875,175101.0,90949.4,102022.3,353178.2833333333,296178.31666666665
2022-05-04,10:11:00,1865.0,1865.0,1860.0,1860.0,1857.0,1867.0,1875.25,1887.0,1774.9166666666667,20876.0,89325.4,99105.85,365999.36666666664,294719.15
2022-05-04,10:10:00,1860.0,1865.0,1850.0,1865.0,1856.0,1869.5,1876.25,1887.1666666666667,1772.8333333333333,85253.0,176936.0,104607.8,395094.25,294546.0333333333
2022-05-04,10:09:00,1855.0,1860.0,1850.0,1860.0,1856.0,1872.0,1877.5,1888.5,1770.7083333333333,54353.0,198566.8,106238.1,440135.55,293836.425
2022-05-04,10:08:00,1855.0,1855.0,1845.0,1850.0,1860.0,1874.0,1878.75,1889.0833333333333,1768.625,119164.0,201544.0,110403.35,454025.36666666664,293394.10833333334
2022-05-04,10:07:00,1855.0,1860.0,1845.0,1850.0,1868.0,1877.0,1880.25,1889.1666666666667,1766.625,166981.0,188510.2,110140.2,458206.13333333336,292401.625
2022-05-04,10:06:00,1865.0,1870.0,1840.0,1855.0,1877.0,1880.0,1882.25,1888.75,1764.625,458929.0,173953.8,122178.55,464702.0333333333,291012.69166666665
2022-05-04,10:05:00,1885.0,1885.0,1865.0,1865.0,1883.0,1882.5,1884.75,1889.25,1762.5833333333333,193407.0,91073.0,106111.4,466962.35,287193.8
2022-05-04,10:04:00,1885.0,1890.0,1880.0,1880.0,1888.0,1884.0,1886.75,1889.4166666666667,1760.4583333333333,69239.0,64256.8,103156.15,473140.06666666665,285582.1
2022-05-04,10:03:00,1890.0,1895.0,1885.0,1890.0,1888.0,1885.0,1888.25,1889.0,1758.2083333333333,53995.0,67001.2,104207.55,487871.6,285005.15
2022-05-04,10:02:00,1885.0,1895.0,1880.0,1895.0,1886.0,1884.0,1889.0,1888.75,1755.875,94199.0,65262.0,117734.05,508742.1666666667,284563.61666666664
2022-05-04,10:01:00,1890.0,1890.0,1880.0,1885.0,1883.0,1883.5,1889.5,1888.8333333333333,1753.4166666666667,44525.0,62507.6,124783.8,557888.9833333333,283787.1583333333
2022-05-04,10:00:00,1880.0,1890.0,1875.0,1890.0,1882.0,1883.0,1891.0,1885.75,1751.125,59326.0,69150.8,142048.7,559386.3,283416.51666666666
2022-05-04,09:59:00,1880.0,1890.0,1875.0,1880.0,1880.0,1883.0,1892.5,1882.5833333333333,1748.7916666666667,82961.0,68135.8,169132.45,562119.7166666667,283005.475
2022-05-04,09:58:00,1880.0,1880.0,1875.0,1880.0,1882.0,1883.5,1894.75,1878.5833333333333,1746.5416666666667,45299.0,64791.0,200371.8,561013.1333333333,282314.19166666665
2022-05-04,09:57:00,1880.0,1885.0,1875.0,1880.0,1882.0,1883.5,1897.0,1874.4166666666667,1744.25,80427.0,63367.6,280334.75,560536.6666666666,281937.24166666664
2022-05-04,09:56:00,1880.0,1885.0,1875.0,1880.0,1884.0,1884.5,1900.75,1870.3333333333333,1742.0,77741.0,70636.6,358210.95,559232.7666666667,281279.55833333335
2022-05-04,09:55:00,1885.0,1890.0,1880.0,1880.0,1884.0,1887.0,1901.25,1866.25,1739.75,54251.0,81271.4,374000.95,557938.0833333334,280640.05
2022-05-04,09:54:00,1880.0,1890.0,1880.0,1890.0,1886.0,1889.5,1900.75,1862.0,1737.5,66237.0,93993.0,375333.25,557185.5666666667,280195.61666666664
2022-05-04,09:53:00,1885.0,1885.0,1880.0,1880.0,1885.0,1891.5,1899.5,1857.75,1735.1666666666667,38182.0,108277.2,378269.65,556081.6666666666,279662.2083333333
2022-05-04,09:52:00,1880.0,1890.0,1875.0,1890.0,1885.0,1894.0,1898.75,1853.5833333333333,1732.875,116772.0,123421.0,387227.2,555473.2833333333,279377.5416666667
2022-05-04,09:51:00,1890.0,1895.0,1880.0,1880.0,1885.0,1895.5,1897.5,1849.25,1730.5,130915.0,181616.2,392082.8,553548.0666666667,278404.45
2022-05-04,09:50:00,1885.0,1895.0,1880.0,1890.0,1890.0,1899.0,1897.5,1845.1666666666667,1728.2083333333333,117859.0,182950.4,393825.4,551375.5833333334,277351.775
2022-05-04,09:49:00,1880.0,1885.0,1875.0,1885.0,1893.0,1902.0,1897.0,1840.9166666666667,1725.8333333333333,137658.0,186239.0,396801.7,549737.5166666667,276370.45
2022-05-04,09:48:00,1890.0,1895.0,1880.0,1880.0,1898.0,1906.0,1896.0,1836.6666666666667,1723.5,113901.0,176760.8,403642.6,547571.7833333333,275229.9666666667
2022-05-04,09:47:00,1910.0,1910.0,1870.0,1890.0,1903.0,1910.5,1895.75,1832.5,1721.2083333333333,407748.0,218885.6,411925.7,545687.1833333333,274280.8
2022-05-04,09:46:00,1905.0,1910.0,1900.0,1905.0,1906.0,1917.0,1895.0,1828.1666666666667,1718.8333333333333,137586.0,184374.8,403775.65,538989.25,270882.98333333334
2022-05-04,09:45:00,1910.0,1910.0,1900.0,1905.0,1908.0,1915.5,1894.0,1823.6666666666667,1716.3333333333333,134302.0,234822.2,416493.65,536706.4833333333,269737.26666666666
2022-05-04,09:44:00,1900.0,1910.0,1900.0,1910.0,1911.0,1912.0,1892.25,1819.0833333333333,1713.8333333333333,90267.0,328162.0,508802.0,534580.8333333334,268633.925
2022-05-04,09:43:00,1910.0,1925.0,1900.0,1905.0,1914.0,1907.5,1892.5,1814.4166666666667,1711.2916666666667,324525.0,451658.2,537345.45,533199.3166666667,267881.7083333333
2022-05-04,09:42:00,1915.0,1920.0,1900.0,1905.0,1918.0,1903.5,1892.5,1809.75,1708.75,235194.0,715664.8,543482.1,527797.9166666666,265177.75833333336
2022-05-04,09:41:00,1920.0,1920.0,1905.0,1915.0,1928.0,1899.5,1893.5,1805.0,1706.2083333333333,389823.0,996216.2,568815.2,523880.13333333336,263233.3333333333
2022-05-04,09:40:00,1920.0,1935.0,1915.0,1920.0,1923.0,1896.0,1893.5,1800.1666666666667,1703.5833333333333,601001.0,996959.8,586599.35,517412.31666666665,259984.925
2022-05-04,09:39:00,1930.0,1930.0,1915.0,1925.0,1913.0,1892.0,1892.0,1795.1666666666667,1700.9166666666667,707748.0,892939.0,572567.75,507689.2166666667,254991.58333333334
2022-05-04,09:38:00,1955.0,1965.0,1900.0,1925.0,1901.0,1886.0,1890.75,1790.0833333333333,1698.25,1644558.0,776382.4,556603.3,496422.25,249093.69166666668
2022-05-04,09:37:00,1890.0,1955.0,1880.0,1955.0,1889.0,1881.0,1890.0,1784.75,1695.5833333333333,1637951.0,490937.4,502016.85,469216.9166666667,235389.05
2022-05-04,09:36:00,1865.0,1895.0,1865.0,1890.0,1871.0,1873.0,1885.75,1778.8333333333333,1692.625,393541.0,206124.0,443962.6,441988.13333333336,221740.29166666666
2022-05-04,09:35:00,1865.0,1875.0,1860.0,1870.0,1869.0,1872.5,1886.0,1774.0,1690.25,80897.0,160569.2,472408.4,435501.8,218460.83333333334
2022-05-04,09:34:00,1860.0,1870.0,1860.0,1865.0,1871.0,1872.5,1888.5,1769.5,1688.0416666666667,124965.0,179866.8,545586.6,434186.9166666667,217788.06666666668
2022-05-04,09:33:00,1870.0,1870.0,1855.0,1865.0,1871.0,1877.5,1889.0,1765.0833333333333,1685.875,217333.0,209769.0,561925.95,432261.9166666667,216752.20833333334
2022-05-04,09:32:00,1875.0,1885.0,1865.0,1865.0,1873.0,1881.5,1889.0,1760.75,1683.6666666666667,213884.0,222215.0,570285.35,428639.7166666667,214943.69166666668
2022-05-04,09:31:00,1875.0,1890.0,1875.0,1880.0,1875.0,1887.5,1888.25,1756.3333333333333,1681.5,165767.0,228387.6,606809.45,425087.63333333336,213328.00833333333
2022-05-04,09:30:00,1865.0,1880.0,1860.0,1880.0,1876.0,1891.0,1887.75,1751.75,1679.2083333333333,177385.0,273623.4,686849.55,422325.86666666664,211948.44166666668
2022-05-04,09:29:00,1870.0,1875.0,1860.0,1865.0,1874.0,1892.0,1891.0,1747.0833333333333,1676.9166666666667,274476.0,634240.2,817366.85,419420.3,210482.74166666667
2022-05-04,09:28:00,1880.0,1880.0,1865.0,1875.0,1884.0,1895.5,1892.5,1742.6666666666667,1674.7916666666667,279563.0,711572.2,848030.15,414885.7,208195.53333333333
2022-05-04,09:27:00,1880.0,1885.0,1865.0,1875.0,1890.0,1899.0,1891.5,1738.0833333333333,1672.5833333333333,244747.0,745111.2,852552.5,410393.0,205865.85
2022-05-04,09:26:00,1855.0,1895.0,1855.0,1885.0,1900.0,1898.5,1889.0,1733.6666666666667,1670.375,391946.0,844533.0,868151.9,406404.43333333335,203827.025
2022-05-04,09:25:00,1910.0,1955.0,1850.0,1870.0,1906.0,1899.5,1889.0,1729.0833333333333,1668.0833333333333,1980469.0,915245.0,878282.0,399872.5333333333,200561.35
2022-05-04,09:24:00,1910.0,1930.0,1880.0,1915.0,1910.0,1904.5,1889.25,1724.75,1665.9166666666667,661136.0,583225.0,807462.05,366880.7166666667,184058.2
2022-05-04,09:23:00,1930.0,1930.0,1900.0,1905.0,1907.0,1900.5,1886.25,1719.6666666666667,1663.375,447258.0,528689.6,822061.8,355878.48333333334,178555.81666666668
2022-05-04,09:22:00,1910.0,1935.0,1900.0,1925.0,1908.0,1896.5,1884.75,1714.75,1660.9166666666667,741856.0,549803.8,865010.35,348424.23333333334,174831.25
2022-05-04,09:21:00,1895.0,1930.0,1890.0,1915.0,1897.0,1889.0,1883.5,1709.5,1658.2916666666667,745506.0,496805.8,980067.95,336099.1,168649.125
2022-05-04,09:20:00,1905.0,1915.0,1885.0,1890.0,1893.0,1884.5,1872.75,1704.4166666666667,1655.7083333333333,320369.0,540196.0,949510.85,323840.6666666667,162437.1
2022-05-04,09:19:00,1915.0,1925.0,1885.0,1900.0,1899.0,1890.0,1863.25,1699.75,1653.375,388459.0,785014.4,944658.95,318501.2,159783.98333333334
2022-05-04,09:18:00,1870.0,1930.0,1870.0,1910.0,1894.0,1889.5,1850.25,1694.8333333333333,1650.9166666666667,552829.0,797673.0,926064.3,312027.05,156546.9
2022-05-04,09:17:00,1890.0,1915.0,1870.0,1870.0,1885.0,1884.0,1836.25,1689.8333333333333,1648.4166666666667,476866.0,764011.4,899258.4,302813.25,151940.0
2022-05-04,09:16:00,1925.0,1940.0,1890.0,1895.0,1881.0,1879.5,1824.5,1685.5,1646.25,962457.0,857511.4,875524.75,294868.85,147966.14166666666
2022-05-04,09:15:00,1870.0,1950.0,1870.0,1920.0,1876.0,1878.5,1811.5,1680.75,1643.7916666666667,1544461.0,1018333.8,827404.9,278831.26666666666,139966.16666666666
2022-05-04,09:14:00,1865.0,1905.0,1860.0,1875.0,1881.0,1874.0,1796.75,1675.5833333333333,1641.1666666666667,451752.0,1266987.8,750636.85,253090.26666666666,127097.25
2022-05-04,09:13:00,1850.0,1880.0,1845.0,1865.0,1885.0,1872.0,1784.75,1671.1666666666667,1638.9583333333333,384521.0,1354185.8,728049.4,245571.86666666667,123340.63333333333
2022-05-04,09:12:00,1865.0,1900.0,1850.0,1850.0,1883.0,1873.0,1773.0,1666.8333333333333,1636.8333333333333,944366.0,1351283.6,708907.3,239178.35,120136.70833333333
2022-05-04,09:11:00,1945.0,1965.0,1855.0,1870.0,1878.0,1878.0,1762.0,1662.8333333333333,1634.7916666666667,1766569.0,1273757.4,661751.95,223438.93333333332,112293.66666666667
2022-05-04,09:10:00,1900.0,1965.0,1890.0,1945.0,1881.0,1861.0,1750.25,1658.5,1632.625,2787731.0,1039353.2,573451.8,193997.81666666668,97655.59166666666
2022-05-04,09:09:00,1855.0,1900.0,1850.0,1895.0,1867.0,1836.5,1734.75,1652.9166666666667,1629.8333333333333,887742.0,594621.0,435044.0,147537.3,74435.525
2022-05-04,09:08:00,1825.0,1865.0,1820.0,1855.0,1859.0,1811.0,1721.5,1648.1666666666667,1627.4166666666667,370010.0,607698.8,391042.6,132762.85,67038.50833333333
2022-05-04,09:07:00,1880.0,1885.0,1820.0,1825.0,1863.0,1788.5,1710.25,1644.0833333333333,1625.3333333333333,556735.0,794942.6,372583.35,126597.11666666667,63977.191666666666
2022-05-04,09:06:00,1880.0,1895.0,1865.0,1885.0,1878.0,1769.5,1700.5,1640.5,1623.5416666666667,594548.0,1292197.2,345040.2,117323.35,59371.11666666667
2022-05-04,09:05:00,1850.0,1890.0,1845.0,1875.0,1841.0,1744.5,1688.0,1635.9166666666667,1621.25,564070.0,1200160.4,315343.8,107425.25,54416.558333333334
2022-05-04,09:04:00,1875.0,1885.0,1815.0,1855.0,1806.0,1719.5,1675.75,1631.5,1619.0,953131.0,1132012.6,287478.45,98024.13333333333,49715.98333333333
2022-05-04,09:03:00,1900.0,1905.0,1850.0,1875.0,1763.0,1697.5,1664.5,1627.4166666666667,1616.9166666666667,1306229.0,944699.6,240190.7,82138.7,41834.566666666666
2022-05-04,09:02:00,1920.0,1950.0,1895.0,1900.0,1714.0,1673.0,1652.0,1623.0,1614.7083333333333,3043008.0,686796.0,174901.3,60385.066666666666,30955.975
