Date,Firm,BuyPrice,TimeBuy,TimeSell,Return,StockCode,Order,NewsFeature,NewsSEN,NewsTopic,NewsReport,ChangeBuy,ChangeOpen,MAd20,MAd60,MAd120,High5,High20,High60,BeforeMoney,MaxMoney,MinMoney,TimeMaxMoney,TimeMinMoney,MAm10,MAm20,MAm60,MaxHigh,TimeMinuteBuy,TimeSecondBuy,Alert,Mezzanine
2022-03-29,고려시멘트,5230,09:09:07,09:21:27,2.5700000000000003,198440,1,1,0,0,0,16.22,6.22,26.21,35.87,34.76,-5.83,-5.83,-5.83,6302829900,11309063640,2467405640,09:06:00,09:01:00,5.97,10.55,13.6,0.38,549,7,0,0
2022-03-29,고려시멘트,5410,09:28:09,09:32:19,1.55,198440,2,1,0,1,0,20.22,6.22,30.56,40.55,39.4,-8.96,-8.96,-8.96,1649760660,11309063640,1649760660,09:06:00,09:27:00,1.08,2.0,11.9,0.55,568,9,0,0
2022-03-29,영진약품,5490,09:51:11,09:55:24,0.36000000000000004,003520,3,1,0,0,0,6.6,0.19,6.95,9.51,12.05,-2.73,-2.37,0.55,6159236410,6159236410,72940,09:50:00,09:08:00,1.95,2.2,4.57,2.91,591,11,0,0
2022-03-29,버킷스튜디오,5060,09:58:16,09:59:56,-0.8899999999999999,066410,4,1,0,0,0,11.58,3.09,28.88,21.91,1.26,-4.05,-4.05,17.19,2550892740,7152714975,329668125,09:22:00,09:36:00,1.12,2.26,4.34,0.99,598,16,0,0
2022-03-29,우리바이오,4390,10:00:40,10:00:50,-0.8699999999999999,082850,5,1,0,0,0,10.86,4.17,22.32,16.14,8.94,-5.81,-0.46,20.27,4322770200,4322770200,7168700,09:59:00,09:55:00,4.0,4.33,4.32,1.03,600,40,0,0
2022-03-29,우리바이오,4435,10:01:03,10:07:10,-1.31,082850,6,1,0,0,0,11.99,4.17,23.57,17.33,10.06,-6.76,-1.47,19.05,4438077600,4438077600,7168700,10:00:00,09:55:00,4.62,5.13,5.29,0.9,601,3,0,0
2022-03-29,버킷스튜디오,5150,10:08:51,10:22:59,1.84,066410,7,1,0,0,0,13.56,3.09,31.18,24.07,3.07,-5.73,-5.73,15.15,6496910400,7152714975,329668125,09:22:00,09:36:00,1.51,2.38,5.07,0.58,608,51,0,0
2022-03-29,우리바이오,4565,10:29:39,10:31:11,-0.19,082850,8,1,0,0,0,15.28,4.17,27.19,20.77,13.29,-9.42,-4.27,15.66,3085827145,4438077600,7168700,10:00:00,09:55:00,4.18,4.77,6.65,-0.66,629,39,0,0
2022-03-29,버킷스튜디오,5260,10:31:49,10:32:35,-1.6300000000000001,066410,9,1,1,0,0,15.99,3.09,33.98,26.72,5.27,-7.7,-7.7,12.74,2221449300,8707522840,329668125,10:10:00,09:36:00,1.31,0.39,3.97,2.47,631,49,0,0
2022-03-29,우리바이오,4600,10:32:57,10:33:11,-1.49,082850,10,1,0,0,0,16.16,4.17,28.17,21.7,14.16,-10.11,-5.0,14.78,2254784350,4438077600,7168700,10:00:00,09:55:00,3.19,4.75,6.96,0.98,632,57,0,0
2022-03-29,고려시멘트,5440,10:38:18,10:51:17,-0.15,198440,11,1,0,1,0,20.89,6.22,31.28,41.33,40.17,-9.47,-9.47,-9.47,365569320,11309063640,226816160,09:06:00,10:36:00,0.39,0.03,0.19,2.02,638,18,0,0
2022-03-29,파루,1320,10:51:59,10:52:38,-1.44,043200,12,0,0,0,0,27.54,0.0,36.92,39.1,30.29,-9.47,-9.47,-7.58,312282775,850630215,1065,10:36:00,09:59:00,5.77,6.95,16.63,1.52,651,59,0,0
2022-03-29,우리바이오,4670,10:52:48,10:56:07,3.88,082850,13,1,0,0,0,17.93,4.17,30.12,23.55,15.89,-11.46,-6.42,13.06,702354000,4438077600,7168700,10:00:00,09:55:00,1.64,2.28,5.56,0.11,652,48,0,0
2022-03-29,룽투코리아,6580,13:58:41,09:05:58,16.72,060240,14,1,1,0,0,27.52,0.19,16.27,-3.21,-6.07,-13.37,3.95,34.5,1790139330,4198969650,10480,13:27:00,11:04:00,4.38,5.26,12.9,0.3,838,41,0,0
2022-03-29,우리바이오,5000,14:53:28,14:53:58,0.10000000000000003,082850,15,1,0,0,0,26.26,4.17,39.31,32.28,24.08,-17.3,-12.6,5.6,1224491110,4438077600,7168700,10:00:00,09:55:00,1.77,2.44,2.2,1.8,893,28,0,0
2022-03-30,오리콤,9290,09:11:01,09:11:18,-1.05,010470,1,0,0,0,0,18.8,9.97,41.92,48.97,42.04,-0.22,-0.22,-0.22,3238949000,5515101900,939735160,09:00:00,09:03:00,4.1,10.23,14.99,0.54,551,1,1,0
2022-03-30,룽투코리아,7540,09:12:07,09:13:09,2.0900000000000003,060240,2,1,0,0,0,12.54,-0.45,32.63,11.28,7.41,-11.14,-9.28,17.37,1926688680,6726490680,1699960320,09:00:00,09:09:00,-0.96,5.24,10.0,7.82,552,7,0,0
2022-03-30,룽투코리아,8000,09:25:45,09:25:56,-0.3,060240,3,1,0,0,0,19.4,-0.45,40.72,18.07,13.97,-16.25,-14.5,10.62,2238791030,6726490680,296230740,09:00:00,09:21:00,3.67,3.73,13.16,1.62,565,45,0,0
2022-03-30,티비씨,1695,09:45:26,09:50:14,-3.84,033830,4,0,0,0,0,15.31,2.72,29.39,33.19,13.35,-10.03,-10.03,-4.13,156850750,3163869120,156850750,09:07:00,09:44:00,3.13,2.45,6.55,1.47,585,26,0,0
2022-03-30,제주반도체,6360,09:50:49,09:59:49,-0.13999999999999999,080220,5,1,0,0,0,13.37,8.73,20.51,13.75,14.76,-6.45,-6.45,6.92,540791640,13443925620,76989780,09:00:00,09:30:00,2.9,3.23,4.95,0.47,590,49,0,0
2022-03-30,와토스코리아,9880,10:01:12,10:01:16,0.77,079000,6,0,0,0,0,27.81,1.29,50.87,60.82,52.69,-15.99,-15.99,-15.99,181559760,1731743700,102180,09:47:00,09:05:00,3.62,8.45,17.57,-0.61,601,12,0,0
2022-03-30,일동제약,67200,10:05:41,10:06:21,-0.3,249420,7,0,0,0,0,8.91,2.43,28.0,65.44,128.43,8.04,8.04,8.04,5208462800,14319709000,248186400,10:00:00,09:20:00,2.36,3.15,4.48,0.0,605,41,0,0
2022-03-30,시공테크,9950,12:05:02,12:08:57,-0.6,020710,8,0,0,0,0,26.43,6.1,43.42,55.57,55.18,-7.54,-7.54,-7.54,1508007690,5649994670,343140,11:46:00,10:59:00,1.69,4.86,14.81,0.1,725,2,0,0
2022-03-30,자연과환경,2295,12:11:34,12:16:21,-0.07999999999999999,043910,9,0,0,0,0,4.56,-5.47,36.42,62.83,50.25,9.8,9.8,9.8,2989506010,4702750380,5671200,12:06:00,11:30:00,4.82,6.63,10.51,0.0,731,34,0,0
2022-03-30,아이스크림에듀,8830,12:16:56,12:17:46,-0.06999999999999998,289010,10,0,0,0,0,22.98,10.03,36.24,33.14,28.02,-13.93,-13.93,-8.49,2197549400,4198180360,1750980,11:38:00,11:31:00,3.66,4.88,9.34,-1.7,736,56,0,0
2022-03-30,바이오에프디엔씨,22150,12:18:29,12:19:34,0.6000000000000001,251120,11,0,0,0,0,15.36,-0.26,17.01,12.65,12.65,-11.51,-7.0,30.25,40214400,725709150,78200,10:15:00,09:31:00,4.88,4.85,5.39,-1.81,738,29,0,0
2022-03-30,남선알미늄,4355,14:40:36,14:46:57,-1.1,008350,12,0,0,0,0,21.99,6.86,67.58,76.8,66.56,-1.95,-1.95,-1.95,9148002300,19330065630,87953920,09:00:00,11:35:00,1.33,1.17,1.74,1.49,880,36,1,0
2022-03-30,유니크,6940,15:17:09,15:17:19,3.3000000000000003,011320,13,1,0,0,0,20.91,0.87,25.51,22.9,10.09,-15.71,-15.71,-5.62,613250370,1958346040,5860,15:15:00,14:37:00,11.7,13.43,16.4,-2.45,917,9,0,0
2022-03-31,룽투코리아,8040,09:07:18,09:09:31,-4.53,060240,1,0,0,0,0,5.37,2.23,40.03,18.79,14.25,1.12,1.12,10.07,1192539180,1798420880,361071900,09:00:00,09:05:00,3.86,5.26,6.74,-0.75,547,18,0,0
2022-03-31,효성오앤비,14450,09:10:38,09:34:09,-0.3,097870,2,0,0,0,0,9.47,6.44,3.98,41.85,51.42,11.42,24.57,24.57,1045670150,2200305000,230251400,09:00:00,09:06:00,2.34,5.55,8.08,-0.35,550,38,0,0
2022-03-31,우리바이오,5310,09:34:20,09:42:37,-2.5599999999999996,082850,3,0,0,0,0,7.49,-0.91,41.3,40.13,31.56,-1.13,-1.13,-1.13,4922396070,6277491660,40009125,09:27:00,09:16:00,3.45,5.55,6.46,0.19,574,20,0,0
2022-03-31,큐캐피탈,847,09:44:12,09:51:17,-2.07,016600,4,0,0,0,0,7.22,0.89,39.22,43.92,48.86,-2.13,-2.13,-2.13,1997566608,4308970416,107156520,09:41:00,09:34:00,2.31,3.45,4.21,0.35,584,12,0,0
2022-03-31,TJ미디어,8330,09:51:36,10:28:04,1.17,032540,5,1,0,1,0,16.67,2.66,20.33,38.55,47.75,-10.32,-6.84,-6.84,1684822100,7083734250,8142400,09:48:00,09:30:00,8.49,10.41,13.83,-3.24,591,36,0,0
2022-03-31,대한전선,1645,10:31:38,11:46:54,4.5600000000000005,001440,6,0,0,1,0,15.44,1.05,13.35,6.35,-5.76,-7.9,-0.91,17.14,2016381780,6376300140,21348120,10:14:00,09:39:00,2.05,3.17,8.69,0.91,631,38,0,1
2022-03-31,대신정보통신,2300,13:13:20,13:13:58,-0.52,020180,7,0,0,0,0,15.29,-4.01,35.97,59.94,71.48,-8.26,-6.09,-6.09,2906181480,4108247280,770220,12:49:00,09:44:00,2.63,2.42,7.81,-0.43,793,20,0,0
2022-03-31,코리아에프티,3555,13:15:51,13:18:30,1.25,123410,8,0,0,0,0,10.06,0.77,12.15,12.7,8.08,-6.89,-6.89,-2.81,9534375,249964520,3305,12:53:00,12:34:00,5.01,4.98,6.37,-4.08,795,51,0,0
2022-03-31,대한전선,1795,13:31:27,14:09:01,-1.14,001440,9,1,0,1,1,25.96,1.05,23.69,16.05,2.83,-15.6,-9.19,7.35,704910780,8532927000,21348120,12:22:00,09:39:00,0.59,0.63,0.15,1.67,811,27,0,1
2022-03-31,TJ미디어,8540,14:09:05,14:11:15,3.21,032540,10,1,0,1,0,19.61,2.66,23.37,42.04,51.48,-12.53,-9.13,-9.13,1362750300,7765841780,5741190,09:52:00,13:20:00,2.02,2.93,3.93,2.34,849,5,0,0
2022-03-31,TJ미디어,8810,14:16:33,14:17:33,-0.3,032540,11,1,0,1,0,23.39,2.66,27.27,46.53,56.27,-15.21,-11.92,-11.92,714543480,7765841780,5741190,09:52:00,13:20:00,0.97,3.63,6.29,1.25,856,33,0,0
2022-03-31,대한전선,1810,14:19:59,09:00:07,7.430000000000001,001440,12,1,0,1,1,27.02,1.05,24.72,17.02,3.69,-16.3,-9.94,6.46,1443030715,8532927000,21348120,12:22:00,09:39:00,1.2,1.34,1.18,0.83,859,59,0,1
2022-04-01,IHQ,1440,09:06:45,09:07:35,-2.73,003560,1,1,0,0,0,11.63,3.88,20.68,17.8,1.38,-7.64,-7.64,3.82,504058500,584960640,164252340,09:00:00,09:01:00,8.72,9.94,10.8,-3.12,546,45,0,0
2022-04-01,대한전선,2060,09:11:41,09:23:06,-2.02,001440,2,0,0,0,0,11.35,5.68,40.64,33.04,18.19,-10.19,-10.19,-6.46,15291855780,28035585615,8446130770,09:00:00,09:09:00,1.55,5.94,9.66,4.13,551,41,0,1
2022-04-01,TJ미디어,9330,09:23:36,09:24:17,-0.51,032540,3,0,0,0,0,5.42,-1.69,33.19,53.51,64.72,-3.22,-3.22,-3.22,10259952000,10259952000,65607500,09:22:00,09:19:00,5.97,6.22,6.29,-0.11,563,36,0,0
2022-04-01,KH 필룩스,2730,09:28:04,09:28:45,-0.3,033180,4,1,0,0,0,28.17,16.9,33.09,24.42,7.4,-20.7,-19.23,-1.65,831161280,2703698520,310953600,09:16:00,09:08:00,2.94,5.74,18.16,0.18,568,4,0,0
2022-04-01,하림,3545,09:30:13,09:37:13,2.1,136480,5,0,0,1,0,9.58,0.0,15.92,21.95,24.15,-3.39,3.39,3.39,1479500520,3753179500,14557610,09:20:00,09:02:00,1.01,2.5,6.9,0.0,570,13,0,0
2022-04-01,TJ미디어,9900,09:46:42,09:47:49,-0.7,032540,6,1,0,0,0,11.86,-1.69,41.33,62.89,74.78,-8.79,-8.79,-8.79,2274471940,10259952000,65607500,09:22:00,09:19:00,1.21,1.32,8.52,2.02,586,42,0,0
2022-04-01,TJ미디어,10000,09:48:38,09:50:59,2.2,032540,7,1,0,0,0,12.99,-1.69,42.76,64.53,76.54,-9.7,-9.7,-9.7,1736014500,10259952000,65607500,09:22:00,09:19:00,2.28,1.79,9.24,1.0,588,38,0,0
2022-04-01,TJ미디어,10000,10:01:43,10:34:02,-1.5,032540,8,1,0,0,0,12.99,-1.69,42.76,64.53,76.54,-9.7,-9.7,-9.7,1725779160,10259952000,65607500,09:22:00,09:19:00,-0.73,-0.05,5.83,4.5,601,43,0,0
2022-04-01,에스엠,89600,10:36:17,10:46:55,-1.08,041510,9,1,0,1,0,9.8,-0.61,16.4,27.08,22.99,-4.46,-4.46,-4.46,4711827000,6378068400,55268000,09:56:00,09:14:00,1.66,2.21,3.61,0.22,636,17,0,1
2022-04-01,미래산업,18250,10:52:40,10:59:17,1.6199999999999999,025560,10,0,0,0,0,26.3,23.88,35.89,37.72,36.7,-13.7,-13.7,-11.78,1176900800,2405500850,4690000,09:02:00,10:35:00,3.46,5.87,8.5,1.37,652,40,0,0
2022-04-01,금강철강,8850,10:59:57,11:00:48,-0.3,053260,11,0,0,0,0,15.23,1.17,48.51,65.42,63.63,2.15,2.37,2.37,2359695240,5987680020,9208080,10:56:00,09:55:00,4.31,5.84,7.3,-0.11,659,57,1,0
2022-04-01,아이오케이,1570,13:05:00,13:31:14,1.6099999999999999,078860,12,1,1,0,0,27.13,25.91,34.02,30.09,12.16,-20.7,-20.7,-7.01,136713705,5018167000,8750640,09:02:00,12:06:00,0.93,1.47,2.14,0.64,785,0,0,0
2022-04-01,이수앱지스,8550,14:35:08,14:35:47,-0.42,086890,13,1,0,0,0,26.67,0.0,28.8,21.44,-2.03,-14.39,-14.39,3.98,1413014460,3203696990,6720,14:01:00,10:01:00,1.45,2.38,4.32,1.75,875,8,0,0
2022-04-01,네오셈,3975,14:37:13,14:38:07,-4.83,253590,14,0,0,0,0,7.43,-2.03,19.58,19.34,26.54,11.95,11.95,11.95,1509973615,2360503275,3635,14:35:00,13:00:00,2.9,4.67,5.76,0.13,877,13,0,0
2022-04-01,이수앱지스,8530,14:38:58,14:42:15,-0.3,086890,15,1,0,0,0,26.37,0.0,28.5,21.16,-2.26,-14.19,-14.19,4.22,837842320,3203696990,6720,14:01:00,10:01:00,0.47,1.59,3.77,1.99,878,58,0,0
2022-04-01,잇츠한불,25050,14:47:04,14:49:26,4.69,226320,16,0,0,1,0,21.31,-0.48,23.55,37.15,32.04,-15.97,-11.38,-9.38,962233600,4065208150,41800,11:45:00,09:30:00,1.15,1.68,-0.38,3.79,887,4,0,0
2022-04-01,잇츠한불,25750,15:04:41,15:11:27,-1.47,226320,17,0,0,1,0,24.7,-0.48,27.0,40.98,35.73,-18.25,-13.79,-11.84,1078683200,4651600400,41800,14:48:00,09:30:00,-0.56,-0.25,2.06,2.72,904,41,0,0
2022-04-01,지에스이,5970,15:11:53,15:13:24,-5.33,053050,18,0,0,0,0,13.07,6.06,14.6,37.03,63.5,4.36,8.88,50.25,1753411620,7696432160,578880,15:07:00,14:18:00,3.75,6.72,10.15,-0.5,911,53,0,0
2022-04-04,SG세계물산,794,09:18:52,09:19:08,-1.31,004060,1,1,0,0,0,6.15,3.88,11.83,10.52,13.61,1.89,1.89,22.04,264837805,871644748,32002099,09:00:00,09:12:00,1.79,2.36,4.9,-0.25,558,52,0,0
2022-04-04,KEC,3450,09:21:02,09:25:11,-0.54,092220,2,1,0,0,0,14.24,2.32,16.97,7.81,4.38,-8.41,-8.41,21.45,10238934160,10238934160,207817725,09:20:00,09:01:00,3.87,6.49,11.6,0.58,561,2,0,0
2022-04-04,KEC,3460,09:27:24,09:28:20,2.0100000000000002,092220,3,1,0,0,0,14.57,2.32,17.31,8.12,4.68,-8.67,-8.67,21.1,1878007300,10238934160,207817725,09:20:00,09:01:00,1.01,3.55,10.38,0.87,567,24,0,0
2022-04-04,KEC,3580,09:54:31,09:56:12,-2.26,092220,4,1,0,0,0,18.54,2.32,21.38,11.87,8.31,-11.73,-11.73,17.04,1066359650,10238934160,207817725,09:20:00,09:01:00,0.82,0.4,5.99,2.51,594,31,0,0
2022-04-04,KEC,3520,09:59:08,10:21:28,-0.3,092220,5,1,0,0,0,16.56,2.32,19.34,9.99,6.5,-10.23,-10.23,19.03,697544070,10238934160,207817725,09:20:00,09:01:00,-0.31,-1.1,2.94,4.26,599,8,0,0
2022-04-04,미래아이앤지,574,10:25:37,10:25:50,1.6199999999999999,007120,6,1,0,0,0,27.56,1.33,39.71,35.21,24.33,-15.16,-15.16,-10.1,2910152115,2910152115,8177190,10:24:00,10:00:00,10.9,14.42,16.21,1.92,625,37,0,0
2022-04-04,한신기계,9500,10:30:48,10:33:47,1.5899999999999999,011700,7,0,0,0,0,12.16,0.94,34.73,97.57,116.93,0.11,0.11,0.11,2922046920,6979064910,167393160,09:35:00,10:13:00,2.06,3.46,4.58,-0.11,630,48,1,0
2022-04-04,한신기계,10250,13:19:24,13:30:24,-3.9099999999999997,011700,8,0,0,0,0,21.02,0.94,45.36,113.17,134.05,-7.22,-7.22,-7.22,1727268000,10691608320,67204350,10:32:00,13:08:00,1.74,1.76,1.19,0.98,799,24,1,0
2022-04-04,동양철관,1440,13:32:18,13:45:47,-0.6499999999999999,008970,9,0,1,1,0,19.5,0.41,21.52,22.78,15.07,-13.54,-6.94,-6.94,293065500,5175860690,1210,13:11:00,11:06:00,0.81,0.75,8.28,1.04,812,18,0,0
2022-04-04,정산애강,2445,13:46:32,13:51:56,1.8499999999999999,022220,10,1,1,0,0,16.43,-0.24,19.9,24.53,20.65,-10.43,-10.43,-10.02,2133635880,2133635880,2100,13:45:00,12:57:00,6.84,8.27,12.53,-2.25,826,32,0,0
2022-04-04,한국종합기술,8260,13:57:15,13:57:57,-1.86,023350,11,0,0,0,0,15.04,-0.14,17.77,20.36,17.84,-9.2,-4.48,-4.48,728265630,1859719830,7220,13:54:00,11:27:00,4.49,7.33,11.06,0.97,837,15,0,0
2022-04-04,정산애강,2415,13:58:24,13:59:27,-2.3699999999999997,022220,12,1,1,0,0,15.0,-0.24,18.43,23.0,19.17,-9.32,-9.32,-8.9,1167314850,4510478130,2100,13:46:00,12:57:00,-1.93,1.19,7.76,4.76,838,24,0,0
2022-04-04,화성밸브,7170,14:03:36,14:06:06,-1.0,039610,13,0,0,0,0,21.53,0.85,24.31,28.82,25.08,-16.32,-15.06,-15.06,135586160,2497168420,6050,13:29:00,12:44:00,1.19,0.42,4.83,2.51,843,36,0,0
2022-04-04,일동제약,76400,14:06:17,14:11:02,-2.0,249420,14,1,0,0,0,16.64,0.0,40.58,79.95,148.32,-1.31,-1.31,-1.31,2713455000,15252975000,239171400,11:27:00,10:46:00,0.55,0.57,0.93,1.18,846,17,0,0
2022-04-04,화성밸브,7290,14:11:21,14:19:56,-1.1199999999999999,039610,15,0,0,0,0,23.56,0.85,26.39,30.98,27.17,-17.7,-16.46,-16.46,524558190,2497168420,6050,13:29:00,12:44:00,2.36,2.51,4.5,0.82,851,21,0,0
2022-04-04,정산애강,2375,14:20:00,14:28:33,-3.88,022220,16,1,1,0,0,13.1,-0.24,16.46,20.96,17.2,-7.79,-7.79,-7.37,190636080,4510478130,2100,13:46:00,12:57:00,1.93,1.92,2.54,6.53,860,0,0,0
2022-04-04,패션플랫폼,2530,14:29:19,14:30:16,-1.29,225590,17,0,0,0,0,18.5,0.94,25.45,35.26,32.63,-7.51,-7.51,-5.73,459018000,2995569600,714630,09:16:00,12:57:00,1.34,1.14,1.78,4.35,869,19,0,0
2022-04-04,정산애강,2335,14:33:08,14:38:52,-1.58,022220,18,1,1,0,0,11.19,-0.24,14.5,18.93,15.23,-6.21,-6.21,-5.78,254549750,4510478130,2100,13:46:00,12:57:00,0.15,-0.7,-0.61,8.35,873,8,0,0
2022-04-04,한신기계,10150,14:39:06,15:06:43,-1.97,011700,19,0,0,0,0,19.83,0.94,43.95,111.09,131.77,-6.31,-6.31,-6.31,3710271600,10691608320,67204350,10:32:00,13:08:00,1.35,2.12,2.56,1.97,879,6,1,0
2022-04-04,현대바이오,31050,15:06:45,15:08:14,-2.23,048410,20,1,0,0,0,7.81,0.0,3.0,4.8,14.08,2.25,16.1,17.55,1384922000,5336774000,57900,15:00:00,12:20:00,1.42,3.41,5.5,0.48,906,45,0,1
2022-04-04,데이타솔루션,8990,15:09:02,15:12:59,-1.08,263800,21,1,0,0,0,11.68,1.74,19.44,38.81,46.92,2.34,4.34,4.34,2835301700,4244462400,8140,14:53:00,13:50:00,1.77,2.34,4.44,1.0,909,2,0,0
2022-04-04,신영스팩5호,3050,15:13:21,15:32:41,-2.76,323280,22,0,0,0,0,22.98,0.4,15.46,15.06,15.99,-12.13,-12.13,0.0,769938390,938229120,2740,15:09:00,12:18:00,5.81,12.02,17.05,2.95,913,21,0,0
2022-04-05,누보,3910,09:06:11,09:10:44,-0.81,332290,1,0,0,0,0,18.31,13.62,28.3,59.7,66.68,1.53,13.94,13.94,2401575840,4282996060,2401575840,09:03:00,09:05:00,9.91,13.9,16.86,3.32,546,11,1,0
2022-04-05,아모그린텍,13050,09:11:25,09:12:40,1.9999999999999998,125210,2,0,0,0,0,17.04,11.66,22.89,21.48,10.07,-14.56,-13.03,-4.6,1169548800,6268159800,724390800,09:02:00,09:05:00,4.9,10.71,15.33,-0.38,551,25,0,0
2022-04-05,NPC,9780,09:16:19,09:17:03,-3.1599999999999997,004250,3,1,0,0,0,10.76,4.98,7.99,9.97,21.91,-5.73,-1.94,17.59,1617054660,3763267040,1020874160,09:07:00,09:12:00,1.91,4.2,8.29,-0.82,556,19,0,0
2022-04-05,무림SP,3790,09:17:44,09:18:44,0.6200000000000001,001810,4,0,0,1,0,14.67,0.91,18.19,19.04,19.9,-8.31,-8.31,1.58,185682780,1013856600,13591700,09:11:00,09:03:00,4.19,8.14,12.12,-1.06,557,44,0,0
2022-04-05,무림페이퍼,3040,09:20:01,09:23:33,4.16,009200,5,0,0,1,0,10.55,3.64,15.25,18.95,17.68,-7.57,-6.91,-0.16,1691338880,1691338880,30641275,09:19:00,09:01:00,4.11,5.21,8.67,1.32,560,1,0,0
2022-04-06,한신기계,10600,09:20:23,09:21:42,-0.3,011700,1,1,0,0,0,10.42,0.52,39.46,111.69,135.98,-2.36,-2.36,-2.36,6307296800,15153513650,1025436940,09:08:00,09:03:00,1.83,4.61,9.04,0.0,560,23,1,0
2022-04-06,KH 필룩스,3055,09:31:50,09:35:16,-2.26,033180,2,1,0,0,0,16.16,-2.66,40.15,38.32,20.38,13.75,13.75,13.75,3010701750,3010701750,141225300,09:30:00,09:19:00,7.27,8.32,13.71,-2.29,571,50,1,0
2022-04-06,누보,4100,09:38:02,09:45:09,0.07,332290,3,1,0,0,0,14.85,5.88,33.24,65.86,73.99,-1.46,8.66,8.66,3968818740,6636150430,71257415,09:25:00,09:14:00,3.21,5.21,9.71,0.73,578,2,1,0
2022-04-06,에이티세미콘,2155,09:48:59,09:56:13,2.02,089530,4,1,0,0,0,21.75,4.8,0.38,36.72,37.05,-4.64,80.74,80.74,1189924500,1978175880,35955240,09:09:00,09:45:00,4.33,4.78,8.57,0.93,588,59,0,1
2022-04-06,에이티세미콘,2255,10:45:12,17:50:05,1.7,089530,5,1,0,0,0,27.4,4.8,5.04,43.06,43.41,-8.87,72.73,72.73,491642675,2542611790,30245460,09:49:00,10:41:00,3.49,5.12,4.71,-0.22,645,12,0,1
2022-04-07,KG ETS,18200,09:30:20,09:41:32,4.65,151860,1,1,0,0,0,15.19,15.51,44.33,44.33,31.55,-11.54,-11.54,-11.54,696847000,37165205700,691362200,09:02:00,09:28:00,2.05,2.16,16.07,4.4,570,20,0,0
2022-04-08,대동기어,9690,09:22:35,09:23:41,-1.95,008830,1,0,0,1,0,21.89,4.53,23.06,41.13,50.61,-9.8,0.83,0.83,215413470,2919274560,2303280,09:05:00,09:01:00,0.64,1.26,13.03,1.86,562,35,0,0
2022-04-08,액션스퀘어,5170,09:24:09,09:25:54,-0.3,205500,2,0,0,0,0,14.63,2.0,29.14,24.28,-6.79,-6.87,-6.87,17.79,593309200,863892510,43519500,09:15:00,09:05:00,3.33,5.23,11.39,0.0,564,9,0,0
2022-04-08,NHN벅스,17350,09:30:13,09:42:50,-0.8799999999999999,104200,3,0,0,1,0,14.9,3.31,-1.36,12.47,20.82,18.16,28.82,28.82,4047744800,4047744800,70640100,09:29:00,09:19:00,3.43,5.28,10.67,0.0,570,13,0,0
2022-04-08,코스모화학,16250,09:47:28,09:49:16,-2.15,005420,4,1,0,0,0,14.35,0.68,17.69,20.65,12.94,-10.45,-10.45,-8.04,601431600,5060230000,1655450,09:44:00,09:01:00,5.55,6.87,8.78,-0.92,587,28,0,0
2022-04-08,베셀,5590,09:50:19,09:53:01,-2.63,177350,5,1,0,1,0,23.67,1.77,32.72,41.24,35.65,-15.92,-15.92,-4.65,1398838650,3710320560,38419470,09:36:00,09:20:00,1.71,4.11,14.46,0.72,590,19,0,0
2022-04-08,NHN벅스,17450,09:56:31,11:18:21,-2.02,104200,6,0,0,1,0,15.56,3.31,-0.8,13.12,21.52,17.48,28.08,28.08,1623527500,4927250250,70640100,09:39:00,09:19:00,1.48,1.42,4.98,2.01,596,31,0,0
2022-04-08,디스플레이텍,8510,11:22:02,11:25:30,-0.18,066670,7,1,0,0,0,13.16,0.66,9.06,13.66,9.0,2.23,2.23,6.46,695422800,6498800640,561660,11:00:00,09:15:00,0.83,0.9,3.62,1.76,682,2,0,0
2022-04-08,린드먼아시아,7000,11:47:32,11:48:08,-0.3,277070,8,0,0,0,0,26.35,0.0,25.2,29.67,24.74,-16.43,-15.86,-12.0,1420867360,1675750080,606670,10:00:00,09:53:00,3.5,3.72,3.73,1.14,707,32,0,0
2022-04-08,KCTC,7020,13:51:07,13:51:40,-2.01,009070,9,1,0,0,0,13.23,1.13,16.47,21.51,16.39,-4.84,1.71,1.71,4154605750,5226237250,6320,13:47:00,11:45:00,6.46,7.88,8.8,0.28,831,7,0,0
2022-04-08,엠아이텍,10750,13:54:03,14:42:04,2.0300000000000002,179290,10,1,0,0,0,26.77,2.24,38.92,57.67,81.3,-17.77,-14.7,-14.7,81280800,15543685650,8810,13:17:00,12:24:00,-0.19,-0.07,1.16,2.33,834,3,0,1
2022-04-08,시너지이노베이션,4530,14:50:09,14:51:09,-0.41,048870,11,1,0,0,0,22.43,0.54,19.59,19.14,11.4,-14.24,-11.15,-5.63,293593500,5110150360,3675,12:50:00,12:38:00,0.86,0.85,1.62,1.88,890,9,0,0
2022-04-08,시너지이노베이션,4375,15:00:57,15:05:01,-3.13,048870,12,1,0,0,0,18.24,0.54,15.5,15.06,7.59,-11.2,-8.0,-2.29,463055175,5110150360,3675,12:50:00,12:38:00,-0.73,-1.67,-2.44,5.49,900,57,0,0
2022-04-08,시너지이노베이션,4315,15:05:32,15:13:37,-1.69,048870,13,1,0,0,0,16.62,0.54,13.91,13.48,6.12,-9.97,-6.72,-0.93,321646725,5110150360,3675,12:50:00,12:38:00,-0.43,-2.19,-3.67,6.95,905,32,0,0
2022-04-08,하인크코리아,3720,15:15:02,09:02:32,10.01,373200,14,0,0,0,0,29.62,-1.05,56.02,54.91,54.09,-12.37,-12.37,-12.1,577583600,4301856800,2785,15:10:00,13:52:00,2.34,3.64,15.26,0.27,915,2,0,0
2022-04-12,티사이언티픽,4505,09:45:27,09:49:54,-2.4099999999999997,057680,1,1,0,0,0,20.78,14.08,18.53,21.29,14.33,-11.76,-8.99,-8.1,368447335,9197323255,368447335,09:02:00,09:44:00,0.45,0.76,7.01,1.55,585,27,0,0
2022-04-12,GS글로벌,4050,09:55:29,09:58:43,2.54,001250,2,1,0,0,0,13.92,5.34,56.33,70.19,67.57,-12.22,-12.22,-12.22,290070360,18228682350,290070360,09:00:00,09:54:00,1.47,1.5,3.57,1.11,595,29,0,0
2022-04-13,LG헬로비전,6160,10:01:02,10:04:40,1.65,037560,1,1,1,0,0,19.15,5.61,15.54,20.88,9.6,-11.85,-9.74,-4.55,618175200,7346143910,135300960,09:22:00,09:56:00,0.77,0.58,2.13,1.62,601,2,0,0
2022-04-15,쇼박스,6430,09:54:51,09:57:19,0.6300000000000001,086980,1,1,0,0,0,12.81,2.11,15.15,24.16,14.63,-7.31,-7.31,-4.2,647212800,8070974730,199665840,09:18:00,09:48:00,0.93,0.86,3.58,2.49,594,51,0,0
2022-04-15,쇼박스,6630,10:01:11,10:02:56,1.06,086980,2,1,0,0,0,16.32,2.11,18.73,28.02,18.2,-10.11,-10.11,-7.09,2427777280,8070974730,199665840,09:18:00,09:48:00,2.49,3.36,5.25,-0.45,601,11,0,0
2022-04-15,쇼박스,6510,13:41:29,13:43:57,0.16000000000000003,086980,3,1,0,1,0,14.21,2.11,16.58,25.7,16.06,-8.45,-8.45,-5.38,97297200,8070974730,25246000,09:18:00,12:19:00,0.76,0.91,0.64,5.53,821,29,0,0
2022-04-19,쌍방울,941,09:56:00,09:56:42,-2.4299999999999997,102280,1,1,0,0,0,25.97,0.0,15.28,33.49,26.74,3.4,66.31,66.31,3302253700,9098556256,154510944,09:22:00,09:02:00,4.44,7.21,16.08,-1.06,596,0,0,0
2022-04-19,쌍방울,926,09:57:26,10:01:21,-4.3999999999999995,102280,2,1,0,0,0,23.96,0.0,13.45,31.36,24.72,5.08,69.01,69.01,4284315180,9098556256,154510944,09:22:00,09:02:00,1.58,4.19,13.36,1.84,597,26,0,0
2022-04-19,에코바이오,8810,10:01:31,10:02:52,1.0999999999999999,038870,3,0,0,0,0,25.14,-1.28,29.89,34.75,23.88,-18.62,-18.62,-18.62,1594809150,1594809150,292330,10:00:00,09:10:00,5.62,8.52,17.49,-1.02,601,31,0,0
2022-04-19,KG스틸,19400,10:03:41,10:05:39,-0.56,016380,4,1,0,0,0,10.54,2.85,42.41,69.49,72.58,2.06,2.06,2.06,3956009200,9956158650,276507950,09:24:00,09:17:00,0.96,1.98,4.24,1.55,603,41,1,0
2022-04-19,쌍방울,887,10:05:48,10:50:28,1.28,102280,5,1,0,0,0,18.74,0.0,8.67,25.83,19.46,9.7,76.44,76.44,3095515959,9098556256,154510944,09:22:00,09:02:00,-2.12,-1.84,5.87,6.31,605,48,0,0
2022-04-19,SCI평가정보,4105,10:53:25,10:53:32,-0.6699999999999999,036120,6,1,0,0,0,29.91,0.16,28.22,27.12,24.74,-22.53,-20.46,-13.15,266952255,5042222955,158500,09:53:00,09:02:00,2.22,4.31,7.74,0.0,653,25,0,0
2022-04-19,STX엔진,16000,11:05:07,11:06:03,0.010000000000000009,077970,7,0,0,0,0,11.89,1.4,17.82,30.15,41.72,-2.5,0.62,9.38,685464000,2673865100,4666400,09:37:00,10:56:00,3.86,4.03,3.77,-0.31,665,7,0,0
2022-04-19,일동홀딩스,43950,11:24:25,11:27:57,0.16000000000000003,000230,8,0,0,0,0,12.84,3.21,92.93,174.77,191.57,-9.67,-9.67,-9.67,2631396600,8776518400,41815200,09:01:00,10:50:00,2.3,4.66,8.21,0.57,684,25,0,0
2022-04-19,일승,4235,11:30:53,11:34:31,-0.3,333430,9,1,0,0,0,22.05,0.86,37.31,50.5,53.81,-7.91,-7.91,-7.91,257614155,4718026005,30765735,09:35:00,11:20:00,2.93,2.97,4.61,6.49,690,53,0,0
2022-04-19,쌍방울,890,11:39:46,13:02:06,3.3000000000000003,102280,10,1,0,0,0,19.14,0.0,9.04,26.26,19.87,9.33,75.84,75.84,550066898,9098556256,74178325,09:22:00,10:55:00,1.03,0.69,-0.5,5.96,699,46,0,0
2022-04-19,팜스토리,3280,13:49:10,13:50:27,2.14,027710,11,1,0,1,1,8.97,5.15,15.79,27.06,31.19,-1.83,6.71,6.71,1368287640,10470111360,7141775,09:14:00,11:30:00,1.56,1.89,3.67,2.13,829,10,0,0
2022-04-19,쌍방울,924,13:56:51,14:05:34,2.41,102280,12,1,0,0,0,23.69,0.0,13.2,31.08,24.45,5.3,69.37,69.37,256079608,9098556256,41396400,09:22:00,12:30:00,1.78,1.8,2.04,2.06,836,51,0,0
2022-04-19,광림,2855,14:11:10,14:11:54,0.75,014200,13,1,0,0,0,26.33,-1.33,0.72,33.76,32.4,16.99,90.19,90.19,2601173640,5193651165,17975510,09:45:00,12:51:00,3.89,5.4,7.25,-0.88,851,10,0,1
2022-04-20,대주산업,3930,09:36:38,09:44:21,-0.6799999999999999,003310,1,1,0,1,0,19.09,7.12,74.82,99.25,95.9,-7.89,-7.89,-7.89,704469175,8580222690,486088745,09:01:00,09:31:00,1.39,1.12,8.54,3.05,576,38,1,0
2022-04-20,한국맥널티,10300,09:47:24,09:48:26,1.0999999999999999,222980,2,1,0,0,0,26.38,2.33,36.76,48.5,48.47,-17.77,-14.56,-14.56,679881500,7430560500,62289640,09:29:00,09:04:00,1.18,2.92,13.17,0.97,587,24,0,0
2022-04-20,하이스틸,7380,14:07:57,14:09:32,0.10999999999999999,071090,3,1,0,1,0,24.45,-2.19,44.85,90.93,117.7,-16.12,-7.86,-7.86,350357160,8397420720,3895280,13:19:00,10:53:00,0.87,1.14,5.25,2.17,847,57,0,0
2022-04-21,한신기계,12000,09:22:17,09:23:48,2.2,011700,1,1,0,0,0,19.4,8.96,27.27,95.87,137.61,-13.75,7.08,7.08,3806086950,21068982300,2017754400,09:00:00,09:08:00,-0.41,2.41,13.58,4.58,562,17,0,0
2022-04-22,사조동아원,2060,09:43:16,09:46:09,1.16,008040,1,0,0,1,0,14.13,-1.39,42.09,57.9,68.63,-7.77,-7.77,-7.77,1813238750,8106908425,161451465,09:19:00,09:03:00,-1.9,0.07,8.82,3.64,583,16,0,0
2022-04-26,제이씨케미칼,15650,09:10:15,09:14:28,-4.77,137950,1,0,0,0,0,19.92,16.48,61.74,71.58,73.5,-16.61,-16.61,-16.61,3024149550,17752148900,2933538500,09:02:00,09:07:00,4.79,11.85,17.1,2.88,550,15,0,0
2022-04-26,구영테크,4190,09:16:05,09:18:24,-0.3,053270,2,0,0,0,0,12.63,0.0,23.74,39.77,33.65,7.04,7.04,7.04,4638279360,4638279360,81871580,09:15:00,09:03:00,4.01,7.52,9.91,0.72,556,5,1,0
2022-04-26,팜스토리,5060,09:19:43,09:24:32,-0.3,027710,3,0,0,1,0,23.57,10.62,74.05,88.69,100.25,-19.07,-19.07,-19.07,4983826540,22303042650,2894685000,09:02:00,09:17:00,1.49,7.88,18.21,1.19,559,43,0,0
2022-04-26,기산텔레콤,4045,09:26:19,09:29:13,3.66,035460,4,0,0,1,0,13.78,5.49,9.61,18.73,33.62,-7.17,12.36,12.36,1791410880,2810184000,42865300,09:24:00,09:18:00,4.05,4.64,9.41,0.25,566,19,0,0
2022-04-26,네온테크,4625,09:36:11,09:39:05,3.5900000000000003,306620,5,1,0,1,0,16.35,7.17,13.52,19.15,17.65,-8.11,-3.46,-0.43,4142047140,4689401970,88098955,09:27:00,09:21:00,2.65,5.77,10.38,0.54,576,11,0,0
2022-04-27,마니커에프앤지,7180,09:05:45,09:06:13,0.54,195500,1,0,0,0,0,14.33,9.39,36.57,53.1,46.27,-8.36,-8.36,-8.36,1285059900,10707539700,1285059900,09:00:00,09:04:00,6.97,10.75,16.28,0.28,545,45,0,0
2022-04-27,지에스이,6440,09:26:03,09:26:32,-0.3,053050,2,0,0,0,0,19.7,16.17,16.88,26.91,62.07,-7.76,0.93,39.29,2380958580,11974303280,532682250,09:02:00,09:17:00,1.85,3.16,11.28,0.47,566,3,0,0
2022-04-27,하림,4900,09:29:02,09:29:31,-0.19999999999999998,136480,3,1,0,0,0,27.11,16.86,43.16,58.22,66.39,-19.08,-17.04,-17.04,2565195380,15257139840,837237375,09:02:00,09:27:00,1.15,0.8,14.4,1.12,569,2,0,0
2022-04-28,덕신하우징,3425,09:21:54,09:24:32,-1.47,090410,1,1,0,1,0,24.32,19.78,42.06,58.56,52.39,-15.77,-15.77,-15.77,2067959005,13490391915,1172513800,09:09:00,09:13:00,2.13,2.52,15.99,4.53,561,54,0,0
2022-04-28,동일제강,4700,09:27:21,09:27:59,1.8299999999999998,002690,2,1,0,0,0,14.77,10.87,36.78,46.96,53.7,-4.26,-4.26,-4.26,496999770,4242679760,265428800,09:06:00,09:19:00,1.7,1.47,9.07,2.87,567,21,0,0
2022-04-28,지에스이,8180,13:13:56,13:15:07,-0.9099999999999999,053050,3,0,0,0,0,17.02,10.59,45.75,59.44,104.15,-14.55,-14.55,9.66,4927596610,20793485200,33677600,09:02:00,12:03:00,1.97,4.32,7.7,1.59,793,56,0,0
2022-04-28,동일제강,4920,13:22:34,13:22:53,1.0,002690,4,1,0,0,0,20.15,10.87,43.18,53.84,60.9,-8.54,-8.54,-8.54,63995430,7572961480,1569400,09:51:00,10:38:00,0.22,0.28,-0.47,8.13,802,34,0,0
2022-04-29,잇츠한불,30950,09:06:41,09:09:14,0.8299999999999998,226320,1,0,0,1,0,11.73,1.81,21.99,45.75,57.65,-7.27,-7.27,-7.27,8599419800,8599419800,1381057750,09:05:00,09:02:00,8.88,10.37,11.87,-2.42,546,41,0,0
2022-04-29,한국화장품,12150,09:28:29,09:33:50,-2.36,123690,2,1,1,1,0,21.5,6.5,26.99,37.37,37.61,-16.46,-16.05,-16.05,314107350,10511162500,314107350,09:09:00,09:27:00,1.38,0.14,11.62,7.0,568,29,0,0
2022-04-29,오가닉티코스메틱,545,09:36:50,09:38:24,-0.6699999999999999,900300,3,1,0,1,0,28.24,2.35,35.19,37.21,7.22,-15.78,-11.56,-11.56,522011805,1517371882,14189908,09:12:00,09:09:00,3.61,5.56,17.48,-0.55,576,50,0,0
2022-04-29,GS글로벌,4640,09:39:13,09:40:53,0.56,001250,4,1,0,0,0,14.0,-0.98,33.53,70.23,82.43,0.75,0.75,0.75,5313700290,12969849750,148217190,09:33:00,09:08:00,1.01,3.65,10.19,2.8,579,13,0,0
2022-04-29,한국화장품,11500,09:54:42,09:56:01,0.13,123690,5,1,1,1,0,15.0,6.5,20.19,30.02,30.25,-11.74,-11.3,-11.3,46391000,10511162500,46391000,09:09:00,09:53:00,-0.78,-1.96,-1.4,13.04,594,42,0,0
2022-04-29,GS글로벌,4695,10:00:03,10:02:09,3.3200000000000003,001250,6,1,0,0,0,15.36,-0.98,35.12,72.25,84.59,-0.43,-0.43,-0.43,4567825080,12969849750,148217190,09:33:00,09:08:00,2.69,1.92,6.42,2.24,600,3,0,0
2022-04-29,한국석유,17500,12:37:36,12:39:02,0.26999999999999996,004090,7,0,0,0,0,9.72,2.51,10.95,-2.08,18.06,6.29,6.29,51.43,639616400,3037951800,16300,12:12:00,11:28:00,2.7,3.69,5.21,-0.29,757,36,0,0
2022-04-29,한국석유,18000,12:51:53,12:52:19,-0.3,004090,8,0,0,0,0,12.85,2.51,14.12,0.72,21.44,3.33,3.33,47.22,547488000,3037951800,16300,12:12:00,11:28:00,0.47,2.42,6.35,1.11,771,53,0,0
2022-04-29,중앙에너비스,37600,12:55:56,12:57:13,0.5,000440,9,0,0,1,0,8.99,2.75,16.46,24.07,58.22,9.97,9.97,25.8,516682200,2921022000,3324750,11:39:00,12:06:00,1.95,2.57,4.19,-0.27,775,56,0,0
2022-04-29,중앙에너비스,38600,12:59:26,13:02:04,0.22000000000000003,000440,10,0,0,1,0,11.88,2.75,19.56,27.37,62.43,7.12,7.12,22.54,1642090450,3970553400,3324750,12:57:00,12:06:00,3.51,4.37,6.53,-0.52,779,26,0,0
2022-05-02,이지홀딩스,5560,09:07:53,09:11:50,3.49,035810,1,0,0,0,1,7.96,2.33,16.09,29.51,34.38,16.19,16.19,16.19,1023334680,2496584250,707364420,09:02:00,09:04:00,2.66,5.06,4.29,2.16,547,53,1,0
2022-05-02,대한제당,5120,09:28:02,09:28:41,-0.3,001790,2,0,0,0,0,23.97,9.81,41.06,66.39,66.81,5.27,5.27,5.27,1576710630,6178696645,478376100,09:03:00,09:20:00,0.92,1.76,14.54,0.98,568,2,1,0
2022-05-02,베셀,8810,09:33:58,10:39:15,-5.29,177350,3,0,0,0,0,12.95,-1.28,56.63,91.01,105.3,5.45,5.45,5.45,3739533600,3739533600,115765650,09:32:00,09:05:00,4.88,5.27,10.53,0.34,573,58,1,0
2022-05-02,대한제당우,5460,10:44:07,10:47:27,0.25000000000000006,001795,4,0,0,0,0,26.24,8.21,36.59,68.49,70.95,16.3,23.81,23.81,126652550,1919695920,36157470,09:47:00,10:26:00,1.15,1.97,1.56,2.01,644,7,0,0
2022-05-02,파이버프로,6010,13:52:17,13:52:41,0.2,368770,5,0,0,0,0,26.0,0.21,83.85,91.01,99.81,2.33,2.33,2.33,1091766060,3338844050,2956780,12:29:00,11:45:00,4.11,5.66,6.12,-0.17,832,17,1,0
2022-05-02,켄코아에어로스페이스,15300,13:56:10,13:57:12,-1.6,274090,6,1,0,0,0,11.27,4.36,17.69,20.19,20.31,-6.21,-6.21,-5.88,114397650,673524700,14750,09:38:00,12:24:00,1.59,2.07,2.75,-0.65,836,10,0,0
2022-05-02,네온테크,4720,14:00:46,14:01:31,-0.3,306620,7,0,0,1,0,8.76,-2.76,12.7,19.57,18.72,2.75,2.75,2.75,917418900,2929504650,21725,13:55:00,11:44:00,1.71,3.53,4.57,0.21,840,46,0,1
2022-05-02,켄코아에어로스페이스,15700,14:02:48,14:05:37,-1.26,274090,8,1,0,0,0,14.18,4.36,20.77,23.33,23.46,-8.6,-8.6,-8.28,756441000,1715240700,14750,13:59:00,12:24:00,3.09,4.01,5.19,0.32,842,48,0,0
2022-05-02,바이오톡스텍,9400,14:19:36,14:21:00,0.6599999999999999,086040,9,1,0,0,0,20.67,-1.16,17.82,18.55,19.59,-15.96,-10.43,2.13,601695990,12379676200,15560,10:08:00,09:06:00,2.36,4.93,5.77,7.45,859,36,0,0
2022-05-02,기산텔레콤,5020,14:23:27,14:23:49,-0.3,035460,10,0,0,1,0,20.1,-2.99,31.18,43.2,63.49,-3.39,-3.39,-3.39,654005400,4949425000,463795,13:54:00,10:48:00,0.63,-0.09,5.18,3.39,863,27,0,0
2022-05-02,SNT에너지,23200,14:24:11,14:25:17,-0.73,100840,11,0,0,0,0,26.78,0.55,26.17,26.12,23.45,-12.72,-12.72,-12.72,386836500,7742985250,2224600,09:36:00,13:07:00,1.49,1.71,3.78,2.37,864,11,0,0
2022-05-02,기산텔레콤,5030,14:25:33,14:26:40,-0.7,035460,12,0,0,1,0,20.33,-2.99,31.44,43.49,63.81,-3.58,-3.58,-3.58,265477680,4949425000,463795,13:54:00,10:48:00,0.85,0.31,4.98,3.18,865,33,0,0
2022-05-03,휴림로봇,3240,09:19:57,09:26:37,5.87,090710,1,0,0,0,0,7.46,1.16,52.08,119.52,174.6,-4.32,-4.32,-4.32,5749371180,9989882550,334202940,09:17:00,09:12:00,4.72,5.85,7.54,1.23,559,57,0,0
2022-05-03,로보로보,10700,09:29:49,09:30:07,0.16999999999999998,215100,2,0,0,0,0,7.0,0.0,7.18,8.33,43.09,11.21,11.21,23.83,2497786350,2497786350,15153180,09:28:00,09:13:00,3.38,5.23,6.46,-1.4,569,49,0,0
2022-05-03,휴림로봇,3805,13:28:19,13:29:06,-0.3,090710,3,1,0,1,0,26.2,1.16,78.6,157.8,222.49,-18.53,-18.53,-18.53,576928625,13015865340,205180800,09:30:00,12:11:00,0.52,0.88,2.42,1.18,808,19,0,0
2022-05-03,휴림로봇,3840,14:11:39,14:12:39,-0.43,090710,4,1,0,1,0,27.36,1.16,80.24,160.17,225.45,-19.27,-19.27,-19.27,663423870,13015865340,205180800,09:30:00,12:11:00,0.76,1.03,1.13,0.52,851,39,0,0
2022-05-03,휴림로봇,3855,14:16:43,14:18:00,-0.56,090710,5,1,0,1,0,27.86,1.16,80.94,161.18,226.72,-19.58,-19.58,-19.58,586754630,13015865340,205180800,09:30:00,12:11:00,0.89,1.16,1.39,0.13,856,43,0,0
2022-05-03,우진,11700,14:20:52,14:28:05,1.84,105840,6,1,0,1,1,20.12,7.29,14.69,17.59,26.67,-12.82,-3.85,10.26,894999600,9420597750,2677500,09:06:00,13:32:00,1.87,1.65,2.71,6.84,860,52,0,0
2022-05-04,유진로봇,7670,09:12:01,09:19:25,-2.13,056080,1,0,0,0,0,7.88,4.08,10.42,27.33,45.87,-3.0,2.74,9.0,2771318480,3002001280,493600140,09:00:00,09:03:00,3.63,5.43,6.87,0.13,552,1,0,0
2022-05-04,디알텍,1935,09:22:56,09:25:40,-3.1399999999999997,214680,2,1,0,0,0,13.82,12.94,18.95,22.88,22.5,-12.14,-12.14,-3.88,1427643990,5781715200,605497410,09:02:00,09:20:00,2.44,2.73,13.19,1.55,562,56,0,0
2022-05-04,다산네트웍스,7940,09:29:09,09:31:21,-1.06,039560,3,1,0,1,0,20.12,4.39,17.2,21.79,17.2,-15.11,-9.82,-6.17,489274680,4572025040,295276800,09:03:00,09:19:00,1.77,1.44,11.05,4.41,569,9,0,0
2022-05-04,삼성스팩4호,5690,09:35:09,09:37:13,-2.06,377630,4,0,0,0,0,10.06,4.84,5.15,15.36,18.27,1.93,24.25,42.36,253220800,316217000,1102100,09:31:00,09:26:00,4.04,5.74,7.54,-0.7,575,9,0,0
2022-05-04,디알텍,1950,09:37:59,09:43:58,-2.61,214680,5,1,0,0,0,14.71,12.94,19.87,23.83,23.45,-12.82,-12.82,-4.62,743792490,5781715200,151277390,09:02:00,09:35:00,4.11,3.41,9.62,0.77,577,59,0,0
2022-05-04,한신기계,14550,09:45:54,09:57:07,-2.71,011700,6,1,0,0,0,6.99,9.19,30.35,92.77,156.31,2.06,2.06,2.06,6682223500,16874974800,137867800,09:00:00,09:36:00,2.11,2.32,2.97,2.75,585,54,0,0
2022-05-04,대한전선,1990,09:57:11,10:10:59,4.47,001440,7,0,0,1,0,6.7,1.61,10.71,24.03,19.1,-3.77,0.75,7.79,6870166550,6870166550,91452900,09:56:00,09:44:00,2.05,2.46,3.13,0.25,597,11,0,0
2022-05-04,대한전선,2055,10:13:13,10:19:13,-1.76,001440,8,0,0,1,1,10.19,1.61,14.33,28.08,22.99,-6.81,-2.43,4.38,7845820885,12068925375,91452900,10:05:00,09:44:00,0.0,1.95,4.89,2.19,613,13,0,0
2022-05-04,금강철강,11950,10:21:56,10:25:17,-0.3,053260,9,0,0,0,0,7.66,0.9,17.31,66.17,93.45,5.86,15.48,15.48,4160190200,4160190200,1287600,10:20:00,09:40:00,3.82,4.44,5.99,0.84,621,56,1,0
2022-05-04,에코플라스틱,3625,10:25:47,10:32:04,-0.8500000000000001,038110,10,1,0,0,0,25.87,0.69,31.44,36.98,32.04,-17.52,-16.55,-16.55,392456350,12842871030,1060630,09:52:00,09:02:00,1.71,2.66,6.19,3.17,625,47,0,0
2022-05-04,수산중공업,4320,10:33:08,10:36:21,1.55,017550,11,0,0,0,0,15.35,0.0,39.86,51.94,54.62,-10.42,-10.42,-10.42,6640751595,6704801380,104462380,09:34:00,09:12:00,4.03,5.45,5.83,0.69,633,8,0,0
2022-05-04,기산텔레콤,5000,10:42:45,10:45:37,1.0999999999999999,035460,12,0,0,0,0,9.29,-0.55,28.38,40.57,61.2,3.8,3.8,3.8,3027510140,2957307010,3080250,10:37:00,10:26:00,5.3,6.77,7.05,-0.1,642,45,0,0
2022-05-04,네온테크,4695,10:47:19,10:47:47,-0.51,306620,13,0,0,0,0,0.54,-1.5,10.59,17.75,17.46,4.37,4.37,4.37,281858970,462600860,3359880,10:42:00,09:59:00,1.21,2.1,2.33,0.32,647,19,0,1
2022-05-04,한전산업,14400,10:53:51,11:05:19,-1.34,130660,14,1,0,0,0,6.67,3.33,7.16,8.05,11.51,-0.69,4.86,23.61,169401750,2575751000,1455200,10:15:00,09:31:00,1.12,1.34,1.64,3.12,653,51,0,0
2022-05-04,삼부토건,2925,11:08:36,11:25:42,-0.64,001470,15,0,0,0,0,10.38,1.89,12.53,13.94,25.72,-5.81,-0.34,19.49,3866762710,3866762710,46915200,11:07:00,09:20:00,1.58,2.8,4.15,0.51,668,36,0,1
2022-05-04,코오롱플라스틱,16000,11:26:36,11:27:36,-0.9199999999999999,138490,16,1,0,1,0,25.0,0.39,27.72,37.99,32.91,-18.75,-17.81,-16.25,1025186250,11077030400,22390550,09:52:00,09:04:00,1.17,1.25,3.87,0.62,686,36,0,0
2022-05-04,디와이디,4850,11:28:57,11:37:39,-2.4699999999999998,219550,17,0,0,0,0,9.36,8.0,44.18,71.53,88.97,-1.03,-1.03,-1.03,161120700,1654637820,588420,09:00:00,10:43:00,4.07,3.47,2.46,7.22,688,57,0,0
2022-05-04,휴림로봇,4315,11:38:40,11:48:04,-0.3,090710,18,1,0,0,0,12.52,4.43,93.32,182.82,258.01,-10.31,-10.31,-10.31,3008716975,19683582960,175150380,09:00:00,11:19:00,0.68,1.64,2.62,7.76,698,40,1,0
2022-05-04,에스폴리텍,4405,11:48:49,11:49:25,-0.75,050760,19,0,0,0,0,17.94,1.07,19.47,26.54,22.91,-14.19,-1.02,-1.02,135909555,1715172000,3750,10:54:00,09:53:00,2.53,2.91,3.69,2.16,708,49,0,0
2022-05-04,한전기술,83300,12:13:30,12:31:00,-0.6599999999999999,052690,20,1,0,0,0,9.89,2.64,9.09,1.98,-0.98,-7.56,0.96,16.57,917247500,4965846200,26838100,10:15:00,09:30:00,0.1,0.23,0.47,0.96,733,30,0,0
2022-05-04,퍼스텍,4945,12:48:31,12:50:11,-0.4,010820,21,1,0,1,0,21.5,8.6,26.95,17.49,42.46,-10.62,-10.62,9.0,192713700,11894476890,53600925,09:37:00,12:02:00,0.58,0.43,1.07,6.17,768,31,0,0
2022-05-04,코오롱플라스틱,16250,13:27:50,13:48:10,0.010000000000000009,138490,22,1,0,1,0,26.95,0.39,29.71,40.15,34.99,-20.0,-19.08,-17.54,144892800,11077030400,22390550,09:52:00,09:04:00,0.4,0.45,2.13,0.62,807,50,0,0
2022-05-04,휴림로봇,4350,14:14:42,14:24:43,-1.45,090710,23,1,0,0,0,13.43,4.43,94.89,185.11,260.92,-11.03,-11.03,-11.03,837609775,19683582960,125659695,09:00:00,13:15:00,1.15,1.85,2.31,6.9,854,42,1,0
2022-05-04,LS네트웍스,4130,14:29:35,14:30:13,-2.12,000680,24,0,0,0,0,8.12,0.13,9.02,13.89,22.76,1.45,1.45,5.08,203181615,382188100,3975,13:53:00,13:34:00,1.23,1.36,2.46,-0.73,869,35,0,0
2022-05-04,LG헬로비전,6760,14:31:30,14:36:37,-0.3,037560,25,0,0,0,0,5.13,-0.31,7.19,21.85,21.59,-1.48,13.76,13.76,3897293620,3897293620,6360,14:30:00,14:07:00,5.15,5.91,6.18,2.07,871,30,0,0
2022-05-04,LG헬로비전,6790,14:48:19,14:49:04,-0.59,037560,26,0,0,0,0,5.6,-0.31,7.67,22.39,22.13,-1.91,13.25,13.25,295296960,3897293620,6360,14:30:00,14:07:00,0.74,0.9,4.88,1.62,888,19,0,0
2022-05-04,SM C&C,4740,14:49:58,14:50:36,-0.3,048550,27,0,0,0,0,10.62,1.52,6.77,7.64,13.02,-4.01,7.17,18.78,125549120,2920722700,4370,14:32:00,13:54:00,2.42,2.42,5.44,-0.21,889,58,0,0
2022-05-04,SM C&C,4780,14:52:08,14:54:41,-0.4,048550,28,0,0,0,0,11.55,1.52,7.67,8.55,13.97,-4.81,6.28,17.78,1219606515,2920722700,4370,14:32:00,13:54:00,2.52,2.7,5.9,-0.31,892,8,0,0
